80.4179, -151.317, 79.9972, 0, 0.174207, -0.0401273, 0.388933, -0.3
67.6579, -138.969, 65.0403, 0, 0.162312, -0.0410449, 0.389854, -0.2
117.272, -162.258, 116.059, 0, 0.127877, -0.0498908, 0.332868, -0.1
105.669, -160.703, 102.978, 0, 0.110724, -0.0527557, 0.321055, 0
99.5919, -161.889, 97.1105, 0, 0.0953833, -0.0453416, 0.301139, 0.1
94.421, -161.257, 92.966, 0, 0.0835304, -0.0389263, 0.288905, 0.2
111.294, -164.707, 109.85, 0, 0.0675574, -0.0360226, 0.284726, 0.3
102.132, -163.735, 99.6693, 0, 0.0503178, -0.0390273, 0.278542, 0.4
107.569, -164.859, 104.622, 0, 0.0345971, -0.0392716, 0.271109, 0.5
105.904, -165.168, 101.924, 0, 0.0241927, -0.0406568, 0.268712, 0.6
112.709, -166.711, 108.268, 0, 0.0149436, -0.041464, 0.264254, 0.7
117.04, -167.531, 112.875, 0, 0.00766623, -0.0409997, 0.260471, 0.8
122.602, -167.896, 119.238, 0, 0.00271146, -0.0403181, 0.258058, 0.9
127.279, -167.73, 124.482, 0, 0.000453513, -0.0374819, 0.257519, 1
127.422, -167.568, 125.169, 0, -0.00137926, -0.0312818, 0.255673, 1.1
125.983, -167.573, 124.399, 0, -0.00285187, -0.0259221, 0.253433, 1.2
120.513, -167.62, 119.313, 0, -0.00554036, -0.0229171, 0.25106, 1.3
120.11, -167.205, 119.351, 0, -0.00837868, -0.019386, 0.250764, 1.4
121.472, -167.325, 120.702, 0, -0.0110396, -0.0164526, 0.250121, 1.5
122.362, -167.567, 121.567, 0, -0.0132245, -0.0130719, 0.25093, 1.6
114.981, -167.63, 114.432, 0, -0.0152288, -0.00829651, 0.252859, 1.7
114.827, -167.544, 114.615, 0, -0.0169643, -0.00312431, 0.252966, 1.8
115.201, -167.123, 115.282, 0, -0.0181419, 0.000333224, 0.254364, 1.9
107.57, -167.947, 107.346, 0, -0.0204402, 0.00312387, 0.254121, 2
101.825, -168.411, 101.009, 0, -0.0223273, 0.00518561, 0.252635, 2.1
100.4, -168.533, 99.5363, 0, -0.0230496, 0.00648936, 0.251627, 2.2
100.554, -168.538, 99.782, 0, -0.0235048, 0.00677693, 0.250026, 2.3
95.6948, -168.974, 94.9768, 0, -0.0249249, 0.00691847, 0.249142, 2.4
94.6405, -169.273, 94.057, 0, -0.0266906, 0.00673819, 0.247503, 2.5
94.8929, -169.197, 94.4101, 0, -0.0269343, 0.00695846, 0.248177, 2.6
97.4551, -169.735, 97.1243, 0, -0.0265635, 0.00740243, 0.247894, 2.7
97.4394, -169.032, 97.3619, 0, -0.0255078, 0.00751649, 0.248696, 2.8
96.2096, -168.289, 96.3865, 0, -0.0234196, 0.00705591, 0.248522, 2.9
96.7871, -168.178, 97.3926, 0, -0.0207319, 0.00678576, 0.247266, 3
94.7806, -167.961, 95.5565, 0, -0.0174168, 0.00630482, 0.246226, 3.1
97.2133, -167.626, 98.11, 0, -0.0131577, 0.0055982, 0.24505, 3.2
96.2896, -167.293, 96.9435, 0, -0.0089253, 0.00552454, 0.244567, 3.3
98.8374, -167.509, 99.4892, 0, -0.00617733, 0.0043804, 0.243249, 3.4
102.545, -166.945, 103.211, 0, -0.00438456, 0.0033105, 0.24417, 3.5
103.067, -166.983, 103.726, 0, -0.00334613, 0.00334726, 0.245004, 3.6
105.036, -166.893, 105.58, 0, -0.00208916, 0.00292849, 0.245947, 3.7
103.85, -166.684, 104.182, 0, -0.00182223, 0.00294007, 0.246329, 3.8
105.055, -166.261, 105.711, 0, -0.00182541, 0.00305756, 0.247427, 3.9
109.241, -166.122, 110.007, 0, -0.00212436, 0.00289412, 0.247359, 4
110.858, -165.971, 111.672, 0, -0.00269244, 0.00303798, 0.247303, 4.1
111.439, -165.4, 112.436, 0, -0.00313859, 0.0035302, 0.248419, 4.2
114.37, -164.865, 116.25, 0, -0.00240298, 0.00419984, 0.249079, 4.3
112.373, -164.172, 115.224, 0, -0.00150249, 0.00442972, 0.248327, 4.4
116.515, -162.855, 120.064, 0, -0.00091628, 0.00407974, 0.247612, 4.5
121.474, -161.768, 125.614, 0, -0.000795726, 0.00237701, 0.24847, 4.6
128.262, -160.283, 132.782, 0, -0.00131703, -0.000709902, 0.249422, 4.7
136.045, -158.595, 140.935, 0, -0.00259781, -0.00508307, 0.249219, 4.8
141.853, -155.47, 146.97, 0, -0.00413726, -0.010704, 0.249257, 4.9
146.467, -151.896, 151.857, 0, -0.00562675, -0.016287, 0.24902, 5
149.295, -148.494, 154.664, 0, -0.00673496, -0.020672, 0.249199, 5.1
152.595, -144.355, 158, 0, -0.0073812, -0.0246085, 0.249964, 5.2
154.421, -140.387, 159.637, 0, -0.00797614, -0.0272832, 0.250942, 5.3
156.468, -135.354, 161.414, 0, -0.00827913, -0.0311904, 0.253203, 5.4
158.628, -132.369, 162.617, 0, -0.0104341, -0.0339144, 0.254828, 5.5
160.643, -133.275, 162.498, 0, -0.0157477, -0.0329, 0.254077, 5.6
162.539, -132.327, 162.478, 0, -0.0189946, -0.0330785, 0.255528, 5.7
162.74, -130.242, 163.347, 0, -0.0193384, -0.034681, 0.2561, 5.8
162.219, -129.836, 163.09, 0, -0.0199004, -0.0343084, 0.255849, 5.9
160.278, -130.48, 162.612, 0, -0.018892, -0.0331222, 0.254374, 6
157.202, -130.295, 162.381, 0, -0.0154689, -0.0316095, 0.253492, 6.1
156.562, -129.97, 162.888, 0, -0.0133137, -0.0303899, 0.256225, 6.2
156.258, -129.537, 163.539, 0, -0.0119187, -0.0304191, 0.257637, 6.3
156.714, -127.623, 164.729, 0, -0.0105895, -0.0329449, 0.258765, 6.4
157.702, -126.499, 164.795, 0, -0.0108452, -0.0356072, 0.257723, 6.5
158.77, -125.684, 164.061, 0, -0.011852, -0.0362891, 0.255093, 6.6
159.195, -126.637, 161.594, 0, -0.0119691, -0.0365047, 0.25066, 6.7
159.645, -128.615, 161.143, 0, -0.0108584, -0.0360945, 0.246374, 6.8
159.536, -128.675, 162.326, 0, -0.00727894, -0.035696, 0.243412, 6.9
159.156, -128.436, 161.97, 0, -0.00317951, -0.0352859, 0.24127, 7
160.273, -128.552, 160.761, 0, -0.00230444, -0.0350527, 0.239591, 7.1
161.844, -128.141, 159.936, 0, -0.00337591, -0.0362895, 0.238982, 7.2
163.285, -128.052, 159.105, 0, -0.00476068, -0.037863, 0.238105, 7.3
164.502, -128.023, 158.832, 0, -0.00557781, -0.0388752, 0.23698, 7.4
165.127, -127.615, 158.667, 0, -0.00513436, -0.0398617, 0.235912, 7.5
165.443, -126.209, 159.079, 0, -0.00438765, -0.0420319, 0.235847, 7.6
165.384, -123.274, 160.624, 0, -0.00310786, -0.044682, 0.237108, 7.7
165.088, -122.769, 161.518, 0, -0.00337967, -0.0455884, 0.236878, 7.8
164.692, -122.103, 161.827, 0, -0.00377862, -0.0456025, 0.236843, 7.9
164.104, -122.223, 162.151, 0, -0.00435815, -0.0436176, 0.237915, 8
163.704, -121.194, 162.76, 0, -0.00430269, -0.0411055, 0.240243, 8.1
163.631, -120.156, 163.495, 0, -0.00476578, -0.039533, 0.242722, 8.2
163.657, -119.094, 163.962, 0, -0.00533652, -0.0402335, 0.242873, 8.3
163.634, -118.424, 164.577, 0, -0.00627728, -0.0425966, 0.241581, 8.4
163.478, -117.735, 165.122, 0, -0.00662316, -0.0446702, 0.239463, 8.5
163.093, -117.255, 165.385, 0, -0.00655654, -0.0461975, 0.238248, 8.6
162.527, -116.41, 165.825, 0, -0.00572277, -0.0466899, 0.237527, 8.7
162.524, -115.175, 166.652, 0, -0.00494139, -0.0479203, 0.238372, 8.8
162.26, -114.73, 166.854, 0, -0.00459405, -0.0489433, 0.238045, 8.9
162.173, -114.043, 167.321, 0, -0.0040973, -0.049941, 0.237794, 9
161.887, -113.748, 167.586, 0, -0.00394533, -0.0519946, 0.237601, 9.1
161.777, -113.979, 167.351, 0, -0.00412511, -0.053514, 0.235254, 9.2
161.953, -113.971, 167.283, 0, -0.00437001, -0.0552357, 0.2343, 9.3
161.762, -114.209, 166.976, 0, -0.00393508, -0.0568796, 0.231893, 9.4
161.742, -114.232, 166.995, 0, -0.00374516, -0.0579701, 0.230093, 9.5
161.725, -114.411, 166.739, 0, -0.00388476, -0.0598859, 0.227822, 9.6
161.944, -114.488, 166.785, 0, -0.00403163, -0.0615446, 0.226939, 9.7
161.953, -114.625, 166.805, 0, -0.00431833, -0.0626596, 0.225252, 9.8
161.616, -114.214, 166.788, 0, -0.00395944, -0.0638916, 0.223913, 9.9
161.498, -114.172, 166.912, 0, -0.00347209, -0.0649805, 0.223297, 10
161.368, -114.199, 166.896, 0, -0.00338753, -0.0658041, 0.222938, 10.1
161.332, -114.057, 166.786, 0, -0.00304717, -0.0663601, 0.221811, 10.2
161.195, -114.059, 166.832, 0, -0.00326875, -0.0676053, 0.221013, 10.3
161.175, -114.003, 166.893, 0, -0.00318388, -0.0689422, 0.220067, 10.4
161.015, -113.916, 166.886, 0, -0.00320238, -0.0699659, 0.218841, 10.5
160.796, -113.85, 166.886, 0, -0.00296147, -0.0708193, 0.218321, 10.6
160.799, -113.433, 167.239, 0, -0.00228589, -0.0718296, 0.218245, 10.7
160.785, -112.512, 167.643, 0, -0.00207736, -0.0731105, 0.21785, 10.8
160.874, -112.482, 167.731, 0, -0.002034, -0.0730941, 0.217741, 10.9
160.978, -111.532, 167.949, 0, -0.00162636, -0.0727894, 0.218589, 11
160.952, -109.865, 168.471, 0, -0.000667082, -0.0728002, 0.219461, 11.1
161.164, -108.733, 168.734, 0, 0.000168421, -0.0727149, 0.22126, 11.2
161.218, -107.833, 168.771, 0, 0.000553532, -0.0719626, 0.222045, 11.3
161.284, -107.028, 168.917, 0, 0.00129896, -0.07087, 0.222797, 11.4
161.262, -105.983, 169.205, 0, 0.00225307, -0.0706756, 0.22389, 11.5
161.398, -105.152, 169.501, 0, 0.00258676, -0.0711633, 0.225438, 11.6
161.239, -104.458, 169.142, 0, 0.00290812, -0.0712162, 0.224269, 11.7
161.551, -103.84, 169.699, 0, 0.00326199, -0.0722515, 0.225548, 11.8
161.353, -103.473, 169.267, 0, 0.00309058, -0.0728559, 0.223661, 11.9
161.717, -103.212, 169.215, 0, 0.00374612, -0.0737874, 0.222731, 12
161.639, -102.555, 169.019, 0, 0.00373963, -0.0743536, 0.223254, 12.1
161.735, -101.885, 168.374, 0, 0.00456505, -0.074522, 0.222379, 12.2
162.065, -101.069, 167.936, 0, 0.00429517, -0.075222, 0.223313, 12.3
161.92, -101.307, 166.992, 0, 0.00354034, -0.074015, 0.222288, 12.4
161.953, -100.402, 166.703, 0, 0.00276345, -0.0739356, 0.22386, 12.5
161.537, -100.455, 166.194, 0, 0.00244338, -0.0736329, 0.22521, 12.6
161.171, -101.733, 164.998, 0, 0.00122143, -0.071409, 0.225375, 12.7
160.361, -103.465, 163.706, 0, 5.63061e-05, -0.0693111, 0.225824, 12.8
159.498, -104.345, 163.014, 0, -0.000519563, -0.0678222, 0.225866, 12.9
158.72, -104.477, 162.862, 0, -0.000787521, -0.0677594, 0.225993, 13
157.558, -104.818, 163.418, 0, -0.000599726, -0.068601, 0.226449, 13.1
155.84, -105.272, 164.184, 0, -0.000361334, -0.0693095, 0.225653, 13.2
154.289, -105.051, 165.439, 0, 0.000217634, -0.0706237, 0.225388, 13.3
152.601, -106.007, 166.393, 0, 0.000260788, -0.072373, 0.225615, 13.4
150.897, -105.85, 167.047, 0, 0.00186164, -0.0731504, 0.223669, 13.5
150.215, -104.995, 168.138, 0, 0.00382777, -0.0751534, 0.225532, 13.6
149.618, -105.411, 167.795, 0, 0.0035287, -0.0742298, 0.224834, 13.7
149.401, -105.679, 168.022, 0, 0.00297113, -0.0740066, 0.225835, 13.8
148.755, -105.632, 168.824, 0, 0.00338125, -0.0746452, 0.226346, 13.9
148.179, -105.543, 169.502, 0, 0.00419088, -0.0759595, 0.226443, 14
147.442, -105.785, 169.83, 0, 0.00454804, -0.0763604, 0.224943, 14.1
146.735, -105.942, 170.185, 0, 0.00564737, -0.0761844, 0.223904, 14.2
146.48, -106.028, 170.497, 0, 0.00639162, -0.0762789, 0.224485, 14.3
146.446, -106.408, 170.702, 0, 0.00710779, -0.0763866, 0.224086, 14.4
146.226, -106.32, 171.03, 0, 0.00743075, -0.0766436, 0.221934, 14.5
146.056, -106.68, 171.244, 0, 0.00860251, -0.0771343, 0.221738, 14.6
145.591, -106.525, 171.365, 0, 0.00988106, -0.077147, 0.219019, 14.7
145.86, -106.665, 170.923, 0, 0.0107557, -0.0766397, 0.218171, 14.8
146.394, -106.354, 171.074, 0, 0.0115406, -0.0758013, 0.217867, 14.9
147.229, -106.457, 170.746, 0, 0.0119795, -0.075624, 0.21739, 15
146.826, -107.411, 171.131, 0, 0.0126026, -0.0747557, 0.215012, 15.1
145.191, -108.134, 171.411, 0, 0.0153181, -0.0740503, 0.213212, 15.2
143.705, -107.706, 171.78, 0, 0.0175771, -0.0729602, 0.211629, 15.3
142.922, -107.72, 171.775, 0, 0.0170926, -0.0726284, 0.214559, 15.4
142.32, -106.876, 171.742, 0, 0.0147527, -0.0717101, 0.21535, 15.5
142.149, -106.29, 171.555, 0, 0.0118998, -0.0725019, 0.217311, 15.6
142.201, -105.885, 171.37, 0, 0.00890937, -0.0731017, 0.21723, 15.7
142.368, -105.258, 171.347, 0, 0.00641063, -0.0730307, 0.216978, 15.8
142.323, -105.104, 171.37, 0, 0.0053852, -0.0722034, 0.217096, 15.9
141.844, -104.934, 171.648, 0, 0.00481036, -0.0713944, 0.218078, 16
141.592, -104.766, 171.956, 0, 0.00425016, -0.0697461, 0.218722, 16.1
140.976, -104.435, 171.728, 0, 0.00172503, -0.0676521, 0.221603, 16.2
140.852, -103.791, 172.419, 0, -0.000755443, -0.0664931, 0.225888, 16.3
140.764, -102.757, 172.568, 0, -0.00348523, -0.0658071, 0.227908, 16.4
140.985, -100.803, 174.224, 0, -0.00486962, -0.06952, 0.231955, 16.5
141.494, -100.77, 173.822, 0, -0.00827934, -0.0716121, 0.230834, 16.6
142.094, -100.12, 174.174, 0, -0.00964524, -0.0734243, 0.229943, 16.7
142.721, -99.3825, 174.722, 0, -0.00956339, -0.0765478, 0.229644, 16.8
142.775, -98.6067, 175.001, 0, -0.00967798, -0.0786541, 0.22745, 16.9
143.331, -97.6487, 175.619, 0, -0.00881062, -0.0794112, 0.226362, 17
143.333, -97.1197, 175.841, 0, -0.00835967, -0.0805797, 0.226367, 17.1
143.329, -96.6721, 175.941, 0, -0.00873357, -0.0808977, 0.225671, 17.2
143.501, -96.541, 175.915, 0, -0.00796011, -0.0805126, 0.226182, 17.3
143.6, -96.1585, 176.018, 0, -0.00735987, -0.080041, 0.226137, 17.4
143.901, -95.2555, 176.838, 0, -0.00609955, -0.0811975, 0.226837, 17.5
143.832, -94.8133, 177.061, 0, -0.00564711, -0.0813355, 0.225603, 17.6
143.836, -94.2002, 177.242, 0, -0.00575697, -0.0813258, 0.224617, 17.7
143.939, -93.8255, 177.832, 0, -0.0054604, -0.0812933, 0.224785, 17.8
143.823, -94.316, 177.37, 0, -0.00574314, -0.0813964, 0.225707, 17.9
144.076, -94.2883, 177.199, 0, -0.00504455, -0.0806478, 0.225488, 18
144.412, -96.1424, 176.053, 0, -0.00547583, -0.0792025, 0.224788, 18.1
144.317, -99.7953, 173.549, 0, -0.00500766, -0.074716, 0.222161, 18.2
144.14, -101.004, 172.978, 0, -0.00270521, -0.0729179, 0.222505, 18.3
143.93, -103.045, 172.396, 0, -0.00114923, -0.0688913, 0.222643, 18.4
143.937, -105.442, 170.757, 0, -0.00172206, -0.0642893, 0.222176, 18.5
143.991, -106.832, 169.889, 0, -0.00188499, -0.062185, 0.222176, 18.6
143.883, -109.071, 168.545, 0, -0.00275827, -0.0597353, 0.221606, 18.7
143.817, -110.242, 167.29, 0, -0.0028313, -0.0587236, 0.220439, 18.8
143.906, -111.4, 166.179, 0, -0.00270543, -0.0590904, 0.219353, 18.9
143.661, -113.547, 164.987, 0, -0.00309113, -0.0587122, 0.216511, 19
143.35, -114.782, 163.957, 0, -0.00339492, -0.0596394, 0.213813, 19.1
143.227, -116.239, 163.162, 0, -0.00443526, -0.0611919, 0.212065, 19.2
142.565, -118.134, 161.735, 0, -0.00626075, -0.0609296, 0.209121, 19.3
142.077, -119.773, 160.409, 0, -0.00767126, -0.0604821, 0.207389, 19.4
141.856, -120.844, 159.563, 0, -0.00852422, -0.0595974, 0.206682, 19.5
141.614, -121.565, 158.722, 0, -0.00922802, -0.0584433, 0.205234, 19.6
141.553, -122.441, 158.279, 0, -0.00978757, -0.0577371, 0.204605, 19.7
141.018, -123.737, 156.905, 0, -0.0112101, -0.0572325, 0.203443, 19.8
140.81, -124.93, 155.983, 0, -0.0123766, -0.0564684, 0.203039, 19.9
140.325, -125.866, 155.292, 0, -0.013622, -0.0559039, 0.203189, 20
140.078, -126.882, 154.652, 0, -0.0148212, -0.0551636, 0.203724, 20.1
140.705, -125.786, 155.567, 0, -0.01517, -0.0562037, 0.206089, 20.2
140.739, -126.012, 155.744, 0, -0.016559, -0.0561375, 0.207976, 20.3
140.963, -125.506, 156.094, 0, -0.0169734, -0.0560391, 0.209312, 20.4
141.052, -125.493, 156.186, 0, -0.0173803, -0.0568982, 0.210819, 20.5
141.373, -125.288, 156.369, 0, -0.0174486, -0.0575067, 0.212008, 20.6
141.773, -125.038, 156.686, 0, -0.0174992, -0.0588524, 0.213811, 20.7
142.251, -124.65, 157.45, 0, -0.017176, -0.0600255, 0.215089, 20.8
142.464, -124.004, 157.801, 0, -0.0168679, -0.0608815, 0.215767, 20.9
142.431, -124.084, 157.537, 0, -0.0156011, -0.0624258, 0.216227, 21
142.304, -123.086, 158.034, 0, -0.0124493, -0.063576, 0.216607, 21.1
141.334, -123.013, 157.644, 0, -0.00929051, -0.0633515, 0.217465, 21.2
140.467, -122.888, 157.934, 0, -0.00624248, -0.0617141, 0.21947, 21.3
139.573, -122.592, 158.194, 0, -0.00321433, -0.0608411, 0.221293, 21.4
138.578, -122.61, 158.401, 0, -0.00116769, -0.0607717, 0.222427, 21.5
137.473, -123.008, 158.639, 0, 0.00105921, -0.0603511, 0.223697, 21.6
136.446, -123.081, 158.402, 0, 0.00403626, -0.0597971, 0.224593, 21.7
135.875, -122.793, 158.532, 0, 0.0063709, -0.0587284, 0.227302, 21.8
135.31, -122.846, 158.539, 0, 0.00786739, -0.0577007, 0.228136, 21.9
135.42, -122.569, 158.733, 0, 0.008675, -0.0573264, 0.229205, 22
135.905, -123.569, 158.16, 0, 0.00787281, -0.0549817, 0.229738, 22.1
136.47, -125.693, 156.8, 0, 0.00692383, -0.048482, 0.231959, 22.2
138.254, -124.746, 157.805, 0, 0.00857299, -0.044155, 0.235219, 22.3
138.817, -125.459, 157.648, 0, 0.00890813, -0.0434031, 0.236089, 22.4
139.149, -128.186, 155.731, 0, 0.00801248, -0.0370532, 0.237402, 22.5
137.615, -132.434, 151.412, 0, 0.00539097, -0.0285383, 0.236134, 22.6
136.295, -134.823, 149.562, 0, 0.00499208, -0.021302, 0.237208, 22.7
134.748, -136.929, 147.618, 0, 0.00503981, -0.0143666, 0.23877, 22.8
133.053, -138.776, 145.194, 0, 0.00433974, -0.00894328, 0.240016, 22.9
131.069, -140.018, 142.549, 0, 0.00332125, -0.00764948, 0.239152, 23
130.835, -140.004, 142.336, 0, 0.00244558, -0.0128463, 0.237698, 23.1
130.411, -139.372, 143.257, 0, 0.00169369, -0.0187227, 0.235729, 23.2
133.585, -137.881, 146.074, 0, -0.00016758, -0.0254882, 0.235067, 23.3
136.697, -137.529, 148.28, 0, -0.00341798, -0.0324666, 0.233467, 23.4
138.687, -137.818, 149.767, 0, -0.00681777, -0.0402996, 0.230455, 23.5
140.929, -136.595, 152.002, 0, -0.00846465, -0.0458629, 0.229599, 23.6
139.981, -138.109, 150.627, 0, -0.0108082, -0.0439438, 0.22845, 23.7
134.255, -142.223, 145.649, 0, -0.0110836, -0.0346476, 0.230234, 23.8
123.826, -146.576, 135.273, 0, -0.0123712, -0.0197856, 0.230974, 23.9
121.81, -144.404, 133.987, 0, -0.00740234, -0.00869781, 0.238472, 24
116.328, -148.216, 128.834, 0, -0.0073437, 0.00857526, 0.24389, 24.1
113.332, -148.67, 122.805, 0, -0.00816465, 0.0188411, 0.244521, 24.2
108.169, -151.229, 116.29, 0, -0.00852283, 0.0236868, 0.241518, 24.3
98.6607, -153.47, 104.873, 0, -0.0112195, 0.028996, 0.239746, 24.4
88.867, -155.096, 93.1605, 0, -0.0138895, 0.0355721, 0.238468, 24.5
73.3031, -153.848, 76.7354, 0, -0.0149359, 0.0405856, 0.235264, 24.6
64.3834, -151.985, 67.326, 0, -0.0155817, 0.0439455, 0.235505, 24.7
59.1236, -151.097, 60.8392, 0, -0.0163067, 0.0472814, 0.234585, 24.8
53.6596, -149.261, 54.4148, 0, -0.0164031, 0.0498256, 0.235834, 24.9
48.7157, -147.74, 47.6635, 0, -0.0176888, 0.0520993, 0.235319, 25
42.3893, -145.384, 39.8425, 0, -0.020171, 0.0535735, 0.234368, 25.1
39.5538, -143.208, 37.2383, 0, -0.0216212, 0.0553149, 0.2335, 25.2
36.8382, -140.535, 33.9877, 0, -0.0233037, 0.0565558, 0.232581, 25.3
35.1195, -139.462, 31.7359, 0, -0.0250155, 0.0567994, 0.232411, 25.4
34.8933, -139.671, 30.8327, 0, -0.0267076, 0.0571326, 0.23256, 25.5
33.6402, -138.766, 29.2694, 0, -0.0286107, 0.0566932, 0.232833, 25.6
32.9025, -138.385, 27.9963, 0, -0.0299322, 0.0567167, 0.232313, 25.7
32.8582, -139.246, 27.4431, 0, -0.0310629, 0.0573793, 0.233675, 25.8
32.9486, -140.259, 27.8316, 0, -0.0325348, 0.0574474, 0.235776, 25.9
34.6078, -141.383, 28.885, 0, -0.0356303, 0.0572775, 0.237991, 26
37.2026, -143.04, 31.1968, 0, -0.0378964, 0.0563293, 0.239097, 26.1
37.0959, -142.988, 30.9764, 0, -0.0390978, 0.0552568, 0.239349, 26.2
37.2516, -143.427, 31.1432, 0, -0.0391617, 0.0556844, 0.23742, 26.3
36.5463, -142.546, 30.2275, 0, -0.0380711, 0.0555269, 0.234468, 26.4
35.9306, -142.387, 29.3333, 0, -0.0366543, 0.0554636, 0.23407, 26.5
34.068, -142.169, 27.0211, 0, -0.035869, 0.0554367, 0.234438, 26.6
32.0711, -141.837, 24.706, 0, -0.0346912, 0.0544625, 0.234114, 26.7
29.6234, -142.562, 22.1743, 0, -0.0332953, 0.0518392, 0.235305, 26.8
27.8477, -142.755, 20.2821, 0, -0.0309539, 0.0468341, 0.237069, 26.9
24.5353, -142.995, 17.5662, 0, -0.0285195, 0.0423213, 0.238698, 27
21.7539, -143.352, 15.4646, 0, -0.025549, 0.0392941, 0.238696, 27.1
19.0234, -142.313, 13.267, 0, -0.0255018, 0.0369965, 0.238579, 27.2
16.617, -142.193, 11.4882, 0, -0.0252803, 0.0355524, 0.239841, 27.3
14.2228, -142.047, 9.21181, 0, -0.0248362, 0.0357972, 0.241304, 27.4
11.9077, -142.544, 7.27949, 0, -0.0233545, 0.0364404, 0.242226, 27.5
9.85401, -142.327, 5.60971, 0, -0.0217315, 0.0357406, 0.24255, 27.6
8.72819, -144.035, 5.20333, 0, -0.0209362, 0.0357764, 0.24324, 27.7
7.90074, -145.243, 4.76157, 0, -0.0199506, 0.0360278, 0.243733, 27.8
7.20395, -147.228, 4.21738, 0, -0.0199318, 0.0372229, 0.24328, 27.9
6.733, -148.304, 4.0007, 0, -0.0194509, 0.0382872, 0.242025, 28
6.26012, -149.049, 3.68657, 0, -0.019112, 0.0399686, 0.240346, 28.1
6.58891, -149.643, 4.26373, 0, -0.0180494, 0.0421961, 0.237887, 28.2
6.96683, -149.716, 4.85339, 0, -0.0164038, 0.0453331, 0.235879, 28.3
7.17157, -149.963, 5.17127, 0, -0.0142047, 0.0492207, 0.234258, 28.4
7.29646, -150.481, 5.37368, 0, -0.0114741, 0.0537932, 0.23431, 28.5
6.97136, -150.767, 5.18119, 0, -0.0085708, 0.057939, 0.233371, 28.6
7.32503, -151.033, 5.64994, 0, -0.00633056, 0.0621879, 0.232506, 28.7
9.02116, -151.074, 7.71172, 0, -0.0047501, 0.0662953, 0.232245, 28.8
7.29151, -151.69, 5.68337, 0, -0.00368837, 0.0693545, 0.230948, 28.9
9.80028, -151.437, 8.51814, 0, -0.00326902, 0.0729526, 0.230771, 29
9.62, -151.826, 8.06396, 0, -0.0039876, 0.0757631, 0.230027, 29.1
11.0208, -151.875, 9.64153, 0, -0.00402408, 0.0780676, 0.230296, 29.2
9.94613, -151.722, 8.48513, 0, -0.00438311, 0.0796235, 0.229637, 29.3
10.0027, -151.853, 8.48914, 0, -0.00461745, 0.0812209, 0.22975, 29.4
9.68292, -151.265, 7.89037, 0, -0.00482552, 0.082817, 0.229406, 29.5
9.91773, -150.421, 7.85999, 0, -0.00483363, 0.0842553, 0.228431, 29.6
8.82536, -148.899, 6.41828, 0, -0.00512117, 0.0854883, 0.227884, 29.7
9.19807, -147.152, 6.71966, 0, -0.00547867, 0.0849327, 0.228514, 29.8
8.86889, -145.123, 6.16978, 0, -0.00566254, 0.0830687, 0.230917, 29.9
8.23124, -143.928, 5.09331, 0, -0.00591079, 0.0819245, 0.235045, 30
8.79558, -143.422, 5.43573, 0, -0.00691233, 0.0815578, 0.239872, 30.1
9.5707, -141.881, 5.5906, 0, -0.00845524, 0.0793389, 0.243629, 30.2
10.4102, -140.763, 6.20252, 0, -0.0102266, 0.077263, 0.24625, 30.3
9.82494, -139.999, 5.20438, 0, -0.0116505, 0.0760456, 0.248033, 30.4
9.05923, -139.129, 4.24391, 0, -0.0120994, 0.0748364, 0.248746, 30.5
9.25173, -138.376, 4.39873, 0, -0.0126545, 0.0740991, 0.248794, 30.6
8.41182, -136.854, 3.42039, 0, -0.0130051, 0.0730263, 0.247596, 30.7
8.68041, -136.75, 3.90207, 0, -0.012923, 0.0738072, 0.247238, 30.8
8.48404, -136.721, 3.84722, 0, -0.0128718, 0.0755436, 0.246038, 30.9
8.38878, -136.106, 4.03238, 0, -0.0126481, 0.0763261, 0.24575, 31
8.66066, -135.685, 4.78715, 0, -0.0132466, 0.0773059, 0.244323, 31.1
8.21246, -133.867, 4.62968, 0, -0.013578, 0.0769637, 0.243697, 31.2
8.40243, -133.646, 5.0381, 0, -0.0142114, 0.0782289, 0.244029, 31.3
8.79138, -132.359, 5.37472, 0, -0.014414, 0.0792547, 0.243689, 31.4
9.539, -132.001, 6.30646, 0, -0.0140944, 0.0802775, 0.245951, 31.5
9.50519, -133.135, 6.33459, 0, -0.0137799, 0.0823711, 0.247709, 31.6
9.63388, -133.325, 6.40447, 0, -0.0138768, 0.0830618, 0.249701, 31.7
10.0742, -133.451, 6.99056, 0, -0.0140963, 0.0822872, 0.250035, 31.8
10.1913, -134.221, 7.19118, 0, -0.0148633, 0.0815201, 0.249983, 31.9
10.0373, -134.867, 7.26214, 0, -0.0155022, 0.080433, 0.250579, 32
10.2813, -135.755, 7.87207, 0, -0.0159676, 0.0796011, 0.250375, 32.1
10.3196, -136.744, 8.41802, 0, -0.0162392, 0.0787942, 0.251607, 32.2
10.5722, -137.954, 9.10837, 0, -0.0159213, 0.0785725, 0.252213, 32.3
10.8905, -138.559, 9.7991, 0, -0.0153356, 0.0784161, 0.253224, 32.4
12.4049, -139.788, 11.9989, 0, -0.0144158, 0.0778797, 0.253521, 32.5
13.4088, -140.228, 14.0267, 0, -0.0126946, 0.0774338, 0.255856, 32.6
13.7144, -139.564, 13.8119, 0, -0.0113596, 0.0764871, 0.255516, 32.7
15.035, -141.222, 12.7336, 0, -0.00866046, 0.0718364, 0.254154, 32.8
15.5891, -141.753, 11.9186, 0, -0.00440521, 0.0614569, 0.250664, 32.9
17.2395, -142.361, 13.2656, 0, -0.00330625, 0.0563743, 0.251164, 33
22.1073, -142.852, 19.4044, 0, 0.000146529, 0.0538442, 0.249658, 33.1
28.1439, -142.022, 27.8591, 0, 0.00683855, 0.0539554, 0.251886, 33.2
32.2533, -140.643, 34.7161, 0, 0.0129058, 0.0558297, 0.252339, 33.3
33.8474, -139.945, 40.2109, 0, 0.0203453, 0.0560101, 0.253251, 33.4
34.0808, -139.465, 41.6369, 0, 0.0247257, 0.0542739, 0.252907, 33.5
37.848, -140.402, 39.8505, 0, 0.0230596, 0.0533769, 0.251486, 33.6
41.859, -142.755, 39.4733, 0, 0.0192455, 0.0511359, 0.252972, 33.7
42.9409, -145.128, 35.7498, 0, 0.010373, 0.0457576, 0.252377, 33.8
36.114, -146.091, 26.373, 0, 0.000944583, 0.0440016, 0.249907, 33.9
31.8043, -145.594, 22.6416, 0, -0.00216573, 0.0417118, 0.248899, 34
31.6808, -143.652, 23.2412, 0, 0.00095109, 0.0387535, 0.247592, 34.1
32.725, -142.159, 26.2268, 0, 0.00775809, 0.03657, 0.247108, 34.2
37.0181, -142.526, 33.0073, 0, 0.015053, 0.0371971, 0.24817, 34.3
40.6221, -141.015, 38.1919, 0, 0.0196219, 0.0378291, 0.250165, 34.4
43.2942, -141.21, 38.2026, 0, 0.0221738, 0.0382264, 0.250928, 34.5
44.0117, -143.777, 35.0423, 0, 0.0238876, 0.0373191, 0.250725, 34.6
49.4642, -145.475, 38.6473, 0, 0.0281078, 0.0358531, 0.250715, 34.7
54.6742, -140.898, 47.0651, 0, 0.0338394, 0.0328181, 0.253875, 34.8
60.9399, -136.058, 58.0401, 0, 0.0432565, 0.0345645, 0.256569, 34.9
62.4512, -129.923, 60.9916, 0, 0.0532805, 0.0357262, 0.255448, 35
63.9395, -126.744, 62.2791, 0, 0.0595491, 0.0350054, 0.252931, 35.1
65.8182, -125.089, 66.2648, 0, 0.0657883, 0.0353392, 0.251739, 35.2
67.9611, -123.926, 66.1546, 0, 0.0688682, 0.034737, 0.251003, 35.3
70.7246, -123.65, 66.9503, 0, 0.0704446, 0.0325561, 0.251903, 35.4
70.8043, -123.249, 66.168, 0, 0.0711604, 0.0304041, 0.251146, 35.5
68.7887, -123.235, 64.9666, 0, 0.0734827, 0.0279748, 0.251628, 35.6
66.2222, -122.622, 64.4899, 0, 0.0791955, 0.0238658, 0.254019, 35.7
62.7322, -122.176, 65.5387, 0, 0.082497, 0.023302, 0.256141, 35.8
60.7636, -122.732, 69.0229, 0, 0.0866759, 0.0257362, 0.254989, 35.9
59.5853, -123.797, 71.2542, 0, 0.0903362, 0.0284392, 0.252604, 36
58.1008, -123.6, 71.407, 0, 0.0910027, 0.0290023, 0.250231, 36.1
57.2187, -123.537, 72.496, 0, 0.0918035, 0.0284267, 0.249701, 36.2
57.2702, -122.796, 73.7275, 0, 0.093151, 0.0268322, 0.249434, 36.3
58.1289, -122.132, 75.67, 0, 0.0960673, 0.0246345, 0.249595, 36.4
59.1912, -121.686, 79.1868, 0, 0.100951, 0.0233103, 0.25218, 36.5
60.6097, -121.967, 83.5134, 0, 0.104833, 0.0256686, 0.252582, 36.6
62.2331, -122.469, 86.7731, 0, 0.109322, 0.028297, 0.253311, 36.7
63.2981, -123.241, 89.1216, 0, 0.111971, 0.0297856, 0.252624, 36.8
64.1997, -123.654, 91.9328, 0, 0.114658, 0.0314751, 0.254279, 36.9
65.64, -124.957, 95.5226, 0, 0.11691, 0.0324899, 0.254714, 37
65.2462, -125.331, 95.1519, 0, 0.117024, 0.0346002, 0.255361, 37.1
62.7418, -126.172, 89.0929, 0, 0.113622, 0.0389075, 0.254249, 37.2
60.612, -129.232, 84.6488, 0, 0.112853, 0.0393082, 0.251627, 37.3
57.1201, -131.189, 78.6826, 0, 0.112963, 0.0386673, 0.2504, 37.4
54.0956, -131.116, 70.1282, 0, 0.110713, 0.0384619, 0.249371, 37.5
50.9887, -131.25, 63.0668, 0, 0.107228, 0.0390574, 0.249829, 37.6
50.1751, -133.799, 59.2493, 0, 0.105496, 0.0408762, 0.249851, 37.7
48.5236, -136.244, 56.8736, 0, 0.10534, 0.0388275, 0.250309, 37.8
56.5488, -142.23, 69.8221, 0, 0.11217, 0.0302272, 0.252212, 37.9
67.7997, -144.845, 89.1837, 0, 0.119605, 0.0187445, 0.252808, 38
71.6935, -140.274, 100.967, 0, 0.118268, 0.00718994, 0.249818, 38.1
74.3504, -136.274, 107.73, 0, 0.109975, -0.00373844, 0.241251, 38.2
78.6055, -134.895, 114.363, 0, 0.10032, -0.0134641, 0.229812, 38.3
82.8385, -134.75, 122.108, 0, 0.0944655, -0.0210908, 0.222918, 38.4
86.3817, -132.521, 129.42, 0, 0.0929409, -0.02577, 0.223793, 38.5
86.278, -131.479, 132.312, 0, 0.0917438, -0.0263933, 0.224107, 38.6
87.7368, -130.215, 136.41, 0, 0.0928128, -0.027796, 0.225527, 38.7
88.8494, -129.523, 139.558, 0, 0.0930424, -0.0301328, 0.224385, 38.8
88.4933, -128.67, 140.841, 0, 0.0931761, -0.031417, 0.22163, 38.9
88.6524, -127.715, 142.953, 0, 0.0934518, -0.0340161, 0.217803, 39
88.6665, -127.267, 145.259, 0, 0.0942602, -0.0371822, 0.216306, 39.1
88.2932, -127.086, 146.08, 0, 0.0938519, -0.0386146, 0.215327, 39.2
89.3156, -126.62, 148.183, 0, 0.0945934, -0.0407196, 0.215659, 39.3
89.5273, -126.204, 149.407, 0, 0.0953886, -0.0430671, 0.215119, 39.4
88.8452, -125.783, 149.5, 0, 0.0944379, -0.0446348, 0.212271, 39.5
88.7589, -125.37, 150.299, 0, 0.0935695, -0.0478453, 0.210285, 39.6
88.6154, -124.896, 150.91, 0, 0.0922112, -0.0501769, 0.207869, 39.7
88.4075, -124.448, 151.548, 0, 0.0917789, -0.051605, 0.206778, 39.8
88.2724, -123.99, 152.262, 0, 0.0917134, -0.0528933, 0.205501, 39.9
88.4619, -123.561, 153.391, 0, 0.0917401, -0.0547649, 0.204274, 40
87.9128, -123.441, 153.453, 0, 0.0912725, -0.0565307, 0.202908, 40.1
88.2121, -123.226, 154.647, 0, 0.0906273, -0.0580832, 0.201794, 40.2
87.7673, -122.909, 154.592, 0, 0.0900484, -0.0593949, 0.201416, 40.3
88.0513, -122.754, 155.659, 0, 0.0897342, -0.0601764, 0.201528, 40.4
87.9008, -122.605, 155.763, 0, 0.0894873, -0.0601294, 0.201538, 40.5
87.9789, -122.509, 156.069, 0, 0.0897379, -0.0600032, 0.202079, 40.6
88.3118, -122.626, 156.636, 0, 0.090356, -0.0604087, 0.20297, 40.7
88.6566, -122.638, 156.994, 0, 0.0899979, -0.0608315, 0.202629, 40.8
88.7726, -122.907, 157.247, 0, 0.0898329, -0.0620205, 0.202812, 40.9
88.6614, -123.054, 156.715, 0, 0.0883379, -0.0617537, 0.2021, 41
88.9812, -123.393, 157.044, 0, 0.0881852, -0.0617492, 0.203074, 41.1
88.8728, -123.858, 156.632, 0, 0.0878544, -0.0607655, 0.204032, 41.2
89.2812, -124.866, 155.949, 0, 0.0868188, -0.0577813, 0.204452, 41.3
90.301, -126.701, 155.457, 0, 0.0866378, -0.0529201, 0.207557, 41.4
89.5363, -129.926, 153.511, 0, 0.0837708, -0.0457698, 0.210534, 41.5
89.0031, -132.738, 151.557, 0, 0.0804071, -0.0415507, 0.211916, 41.6
89.6575, -135.366, 149.577, 0, 0.0791096, -0.0370629, 0.214749, 41.7
88.2752, -137.586, 143.159, 0, 0.0787454, -0.0295734, 0.216731, 41.8
85.3315, -139.967, 133.933, 0, 0.0780428, -0.0208429, 0.218149, 41.9
82.6826, -142.639, 126.513, 0, 0.0776044, -0.0147991, 0.219946, 42
79.9549, -144.598, 119.913, 0, 0.0780027, -0.00703937, 0.22297, 42.1
73.1134, -143.384, 109.008, 0, 0.0779941, -0.000157575, 0.224997, 42.2
63.5019, -143.11, 95.3698, 0, 0.0741233, 0.00605382, 0.226034, 42.3
61.1325, -143.843, 89.2218, 0, 0.0724466, 0.0115969, 0.22743, 42.4
59.5613, -144.67, 84.6541, 0, 0.0726968, 0.0173626, 0.22874, 42.5
55.861, -145.239, 79.5719, 0, 0.0736243, 0.0228827, 0.232064, 42.6
50.5055, -143.241, 71.3718, 0, 0.0719684, 0.0281797, 0.233277, 42.7
45.7243, -142.985, 64.222, 0, 0.0688248, 0.0311364, 0.233171, 42.8
40.6736, -141.687, 57.2755, 0, 0.0679506, 0.033368, 0.23504, 42.9
35.3586, -140.572, 49.8045, 0, 0.0669329, 0.0368056, 0.237214, 43
28.0569, -139.008, 40.2079, 0, 0.0671449, 0.0425579, 0.241342, 43.1
20.6042, -136.787, 31.1522, 0, 0.0689292, 0.0473944, 0.244171, 43.2
16.0282, -135.441, 26.4481, 0, 0.0712983, 0.0502774, 0.244674, 43.3
13.0484, -133.98, 24.0719, 0, 0.0720466, 0.0531119, 0.245855, 43.4
10.9304, -133.898, 22.6108, 0, 0.0708734, 0.056853, 0.246748, 43.5
9.66684, -133.072, 22.5334, 0, 0.0687718, 0.0603617, 0.247992, 43.6
7.35518, -130.61, 21.237, 0, 0.0652284, 0.0607833, 0.249359, 43.7
4.1865, -128.341, 18.7989, 0, 0.0613971, 0.059348, 0.248291, 43.8
1.06553, -126.895, 16.9876, 0, 0.0587777, 0.0579486, 0.246452, 43.9
178.362, 126.056, -164.238, 0, 0.0571772, 0.0577134, 0.246125, 44
175.717, 124.945, -165.151, 0, 0.0549528, 0.0566787, 0.245896, 44.1
173.363, 124.218, -165.442, 0, 0.0526096, 0.0555152, 0.246672, 44.2
170.604, 124.545, -166.08, 0, 0.0506392, 0.0542306, 0.247828, 44.3
168.386, 125.33, -167.009, 0, 0.0494596, 0.0534326, 0.249432, 44.4
169.095, 125.343, -167.36, 0, 0.0475875, 0.0541582, 0.25015, 44.5
172.259, 127.017, -167.484, 0, 0.0445911, 0.0552733, 0.250643, 44.6
175.905, 129.206, -169.071, 0, 0.0442666, 0.0581102, 0.255432, 44.7
179.415, 131.499, -170.005, 0, 0.0462464, 0.0599134, 0.258042, 44.8
2.64027, -132.509, 7.93867, 0, 0.0486764, 0.0596439, 0.260713, 44.9
7.15409, -136.55, 6.59589, 0, 0.0524016, 0.0562468, 0.261707, 45
10.7521, -140.187, 3.59409, 0, 0.0563343, 0.0523299, 0.26297, 45.1
16.7225, -143.629, 3.66586, 0, 0.0594718, 0.0489899, 0.26376, 45.2
24.4698, -147.038, 5.6272, 0, 0.0626915, 0.0435238, 0.263467, 45.3
31.7032, -149.787, 7.93711, 0, 0.0656591, 0.0370003, 0.263746, 45.4
41.8907, -152.051, 15.0575, 0, 0.0678918, 0.0342991, 0.265075, 45.5
47.7541, -152.613, 18.8852, 0, 0.0689203, 0.0317221, 0.263653, 45.6
53.8201, -153.793, 23.6454, 0, 0.0698493, 0.032193, 0.264408, 45.7
57.0281, -155.171, 25.3815, 0, 0.0701129, 0.0332007, 0.263261, 45.8
60.6378, -155.377, 27.6908, 0, 0.070315, 0.0337139, 0.263785, 45.9
65.3155, -156.208, 31.377, 0, 0.0698361, 0.0342054, 0.262716, 46
69.291, -156.303, 34.3536, 0, 0.0694452, 0.0361902, 0.262964, 46.1
70.9093, -156.515, 35.4645, 0, 0.0689985, 0.0383128, 0.260983, 46.2
73.5487, -156.859, 38.1959, 0, 0.0689835, 0.0398902, 0.259889, 46.3
75.7808, -157.081, 40.5653, 0, 0.0683278, 0.0412042, 0.258935, 46.4
77.8175, -157.477, 42.5794, 0, 0.0672823, 0.0427402, 0.256487, 46.5
78.6392, -157.51, 43.6341, 0, 0.0668651, 0.0451845, 0.251376, 46.6
78.5029, -157.795, 43.631, 0, 0.0675898, 0.048071, 0.247084, 46.7
79.0942, -158.029, 44.4015, 0, 0.0686518, 0.0501563, 0.243132, 46.8
78.0278, -158.409, 43.1863, 0, 0.0697693, 0.0518245, 0.239231, 46.9
77.2579, -158.939, 42.3504, 0, 0.0709346, 0.0528703, 0.235402, 47
76.5956, -159.889, 41.6, 0, 0.0728733, 0.0528323, 0.232628, 47.1
75.4616, -159.867, 40.1557, 0, 0.0748697, 0.052182, 0.229235, 47.2
74.6279, -160.864, 39.2483, 0, 0.0762959, 0.0514944, 0.226427, 47.3
74.1399, -161.362, 38.7266, 0, 0.0776716, 0.0511671, 0.225073, 47.4
73.2109, -162.121, 37.7965, 0, 0.0790786, 0.0515752, 0.223699, 47.5
73.0412, -162.948, 37.8556, 0, 0.0802779, 0.0523455, 0.223386, 47.6
72.0909, -164.326, 37.1201, 0, 0.0807074, 0.0530954, 0.22326, 47.7
69.3636, -166.59, 34.3543, 0, 0.0802426, 0.0531442, 0.222044, 47.8
66.8312, -167.889, 31.8846, 0, 0.0792167, 0.0530147, 0.220119, 47.9
66.6051, -167.662, 31.3135, 0, 0.0791164, 0.0532064, 0.218851, 48
66.962, -168.282, 31.832, 0, 0.0802463, 0.0534362, 0.218499, 48.1
62.8353, -168.526, 27.5259, 0, 0.0813983, 0.055011, 0.219344, 48.2
63.506, -169.819, 28.8671, 0, 0.0812522, 0.0566434, 0.22078, 48.3
64.2119, -169.705, 29.3211, 0, 0.0810915, 0.0586195, 0.221847, 48.4
63.379, -166.565, 27.3936, 0, 0.0818435, 0.0593081, 0.220124, 48.5
65.2217, -160.607, 29.0035, 0, 0.0820513, 0.0597099, 0.219942, 48.6
68.7097, -156.844, 32.5505, 0, 0.0814823, 0.0596246, 0.223213, 48.7
70.5101, -154.491, 34.4152, 0, 0.0805753, 0.0593232, 0.22772, 48.8
71.3213, -152.838, 35.2724, 0, 0.0802496, 0.0585936, 0.230308, 48.9
72.3994, -150.585, 36.4625, 0, 0.0809965, 0.0577712, 0.231299, 49
72.662, -147.549, 36.9449, 0, 0.0825873, 0.0568476, 0.230775, 49.1
72.0148, -144.684, 36.2766, 0, 0.0839279, 0.0559736, 0.229808, 49.2
73.1228, -143.459, 37.7593, 0, 0.0847577, 0.0562404, 0.230078, 49.3
73.1591, -142.411, 38.4414, 0, 0.0853201, 0.0578781, 0.230026, 49.4
73.044, -141.243, 38.7383, 0, 0.0855144, 0.0595387, 0.230334, 49.5
73.3985, -139.867, 39.2323, 0, 0.0861746, 0.0605552, 0.23075, 49.6
74.0879, -138.7, 39.9855, 0, 0.0882945, 0.0614162, 0.230174, 49.7
74.5593, -137.636, 40.5985, 0, 0.0911521, 0.0626895, 0.228585, 49.8
75.4572, -136.516, 42.0268, 0, 0.0943134, 0.0655342, 0.227731, 49.9
75.956, -135.779, 43.0277, 0, 0.0977187, 0.0693282, 0.227386, 50
76.1484, -134.753, 43.6937, 0, 0.101624, 0.0746255, 0.227099, 50.1
76.7207, -134.706, 44.8656, 0, 0.106155, 0.0790175, 0.228576, 50.2
76.9273, -134.703, 45.2929, 0, 0.109232, 0.0818714, 0.228619, 50.3
77.1871, -134.717, 45.7339, 0, 0.110923, 0.0844109, 0.228912, 50.4
77.3717, -134.741, 46.1818, 0, 0.111509, 0.0862706, 0.229463, 50.5
77.3782, -134.439, 46.2739, 0, 0.111686, 0.0887312, 0.230471, 50.6
76.9677, -133.828, 46.1763, 0, 0.111473, 0.0902359, 0.231021, 50.7
75.8725, -132.138, 45.7045, 0, 0.110654, 0.0896668, 0.230779, 50.8
75.8131, -130.714, 46.1982, 0, 0.110271, 0.0888699, 0.231346, 50.9
75.4544, -129.611, 46.142, 0, 0.109535, 0.0880129, 0.231393, 51
75.4327, -128.832, 46.1854, 0, 0.109002, 0.0872769, 0.231597, 51.1
75.0941, -127.776, 45.9602, 0, 0.108407, 0.0857296, 0.231085, 51.2
74.704, -126.158, 45.5949, 0, 0.107531, 0.0843329, 0.230213, 51.3
74.5808, -124.595, 45.4838, 0, 0.106616, 0.0826344, 0.228944, 51.4
74.9246, -124.705, 45.9196, 0, 0.106418, 0.0823627, 0.229443, 51.5
75.1376, -124.154, 45.9093, 0, 0.106536, 0.081885, 0.230468, 51.6
75.5426, -123.402, 46.6457, 0, 0.107382, 0.0824907, 0.232293, 51.7
75.6623, -123.03, 46.9429, 0, 0.108007, 0.0835345, 0.232716, 51.8
75.5548, -123.36, 46.7585, 0, 0.107444, 0.0831597, 0.232201, 51.9
76.0058, -124.468, 47.0669, 0, 0.106591, 0.0835402, 0.232598, 52
76.6561, -125.522, 47.8744, 0, 0.105838, 0.0841368, 0.235468, 52.1
77.9164, -127.376, 49.136, 0, 0.104969, 0.0830393, 0.239371, 52.2
78.0409, -129.286, 49.8826, 0, 0.103162, 0.0821508, 0.243563, 52.3
78.5273, -130.344, 51.2258, 0, 0.101969, 0.0817612, 0.247259, 52.4
79.8237, -131.875, 53.5272, 0, 0.100606, 0.0810807, 0.250387, 52.5
80.5418, -133.676, 54.9126, 0, 0.0972817, 0.0793466, 0.252875, 52.6
81.01, -134.623, 56.0188, 0, 0.0943191, 0.0784453, 0.256797, 52.7
81.2865, -135.764, 57.044, 0, 0.0905272, 0.0766921, 0.259662, 52.8
83.4586, -138.634, 60.7233, 0, 0.0871015, 0.0753537, 0.264092, 52.9
84.277, -143.105, 63.5486, 0, 0.0825706, 0.0735911, 0.270836, 53
87.1651, -148.067, 70.5857, 0, 0.0771875, 0.0702762, 0.279301, 53.1
91.9241, -153.151, 80.1215, 0, 0.0703125, 0.0673306, 0.287017, 53.2
93.55, -158.463, 83.8757, 0, 0.06213, 0.0637077, 0.29254, 53.3
94.2947, -163.662, 86.0904, 0, 0.0541643, 0.0575079, 0.294025, 53.4
95.0753, -167.233, 88.5984, 0, 0.0460352, 0.0508993, 0.292637, 53.5
106.485, -171.984, 101.112, 0, 0.035726, 0.0421053, 0.289983, 53.6
146.608, -174.321, 142.364, 0, 0.0245367, 0.032887, 0.290642, 53.7
61.1374, 174.107, 57.819, 0, 0.0147019, 0.0246471, 0.288178, 53.8
65.9967, 169.69, 64.047, 0, 0.00332081, 0.0184397, 0.287279, 53.9
73.2342, 166.167, 72.3641, 0, -0.00864462, 0.0118573, 0.283255, 54
76.9909, 163.188, 76.9845, 0, -0.0188493, 0.00503237, 0.278937, 54.1
77.0752, 161.037, 77.3733, 0, -0.0269994, 0.000963516, 0.273724, 54.2
79.094, 157.641, 79.4221, 0, -0.0357133, -0.00280268, 0.271594, 54.3
80.0915, 152.576, 81.2276, 0, -0.0420612, -0.00524501, 0.271407, 54.4
78.0478, 147.893, 80.4269, 0, -0.0460919, -0.0077889, 0.273322, 54.5
76.8232, 143.184, 80.3772, 0, -0.0496354, -0.00882089, 0.274108, 54.6
77.5521, 140.925, 81.4601, 0, -0.0534873, -0.00800011, 0.271419, 54.7
77.8556, 139.651, 81.6586, 0, -0.0595362, -0.00701897, 0.269057, 54.8
77.0142, 138.23, 81.1118, 0, -0.0642588, -0.00556675, 0.268154, 54.9
77.4488, 135.524, 83.0117, 0, -0.0648656, -0.00556835, 0.268931, 55
76.9386, 132.376, 84.2617, 0, -0.0646436, -0.00526492, 0.271842, 55.1
77.1478, 128.823, 84.9781, 0, -0.0646999, -0.00358544, 0.273925, 55.2
78.0953, 126.926, 85.9286, 0, -0.0658402, -0.00235095, 0.271083, 55.3
79.317, 125.284, 87.1504, 0, -0.0665976, -0.00158474, 0.269171, 55.4
78.9537, 122.792, 87.1496, 0, -0.0675364, -0.0011932, 0.268944, 55.5
77.3841, 120.892, 86.7106, 0, -0.0667124, -0.00187153, 0.269536, 55.6
77.7834, 120.494, 87.3898, 0, -0.0657686, -0.00178343, 0.267486, 55.7
78.5196, 120.439, 87.9122, 0, -0.0660839, 0.000411804, 0.266094, 55.8
78.172, 120.047, 87.5255, 0, -0.0651533, 0.00126536, 0.264748, 55.9
78.5383, 119.665, 88.1888, 0, -0.06322, 0.00224758, 0.262889, 56
78.8655, 119.331, 88.6611, 0, -0.0613456, 0.00286687, 0.260938, 56.1
79.0799, 119.192, 89.057, 0, -0.0597797, 0.00282117, 0.259227, 56.2
79.0538, 119.453, 90.2735, 0, -0.0581564, 0.00196526, 0.259045, 56.3
78.4982, 119.236, 90.2111, 0, -0.0568605, 0.00166795, 0.260911, 56.4
78.135, 119.056, 89.8683, 0, -0.056418, 0.00200674, 0.261095, 56.5
78.3334, 119.274, 90.3101, 0, -0.0556187, 0.00192802, 0.26115, 56.6
78.9181, 119.499, 90.4753, 0, -0.0552064, 0.00239989, 0.259544, 56.7
79.7078, 120.252, 90.9524, 0, -0.0560094, 0.00319709, 0.259837, 56.8
79.5184, 120.386, 90.6023, 0, -0.0580087, 0.00275753, 0.261467, 56.9
78.9085, 120.514, 90.0095, 0, -0.0604351, 0.00343177, 0.264988, 57
79.0191, 120.926, 90.413, 0, -0.0621894, 0.00386238, 0.268362, 57.1
79.0127, 121.43, 90.3971, 0, -0.0654364, 0.00449451, 0.272068, 57.2
79.089, 121.628, 90.2928, 0, -0.0699485, 0.0045372, 0.274189, 57.3
79.1985, 121.779, 90.2333, 0, -0.0746009, 0.00445097, 0.276104, 57.4
79.2797, 122.19, 90.2666, 0, -0.0793757, 0.00452345, 0.276919, 57.5
79.3425, 122.371, 90.0868, 0, -0.0845615, 0.0053184, 0.278936, 57.6
79.5981, 122.67, 90.2809, 0, -0.0893683, 0.0056455, 0.280506, 57.7
79.6367, 123.189, 90.3645, 0, -0.0948245, 0.00585297, 0.282419, 57.8
79.3851, 123.319, 90.1256, 0, -0.0999201, 0.00579775, 0.284451, 57.9
79.238, 123.379, 90.0359, 0, -0.10396, 0.00592077, 0.286412, 58
79.2452, 123.798, 90.0912, 0, -0.106784, 0.00581518, 0.287159, 58.1
79.2708, 123.951, 90.1602, 0, -0.108813, 0.00581057, 0.287825, 58.2
79.2226, 123.803, 90.0647, 0, -0.109831, 0.00588039, 0.287722, 58.3
79.4332, 123.774, 90.5832, 0, -0.109926, 0.00608108, 0.287781, 58.4
78.9897, 123.582, 90.2835, 0, -0.110452, 0.00516883, 0.288003, 58.5
78.4152, 123.461, 90.0293, 0, -0.110775, 0.00388123, 0.288502, 58.6
77.2851, 123.56, 89.435, 0, -0.111083, 0.00209637, 0.290128, 58.7
75.7813, 123.387, 88.3552, 0, -0.110834, -0.00125188, 0.290545, 58.8
73.7852, 123.064, 87.0381, 0, -0.109876, -0.00675913, 0.289201, 58.9
71.4694, 123.818, 85.2831, 0, -0.110373, -0.0123904, 0.288246, 59
69.1282, 124.51, 82.4168, 0, -0.109935, -0.0197264, 0.285574, 59.1
67.634, 126.524, 80.1337, 0, -0.109154, -0.0264817, 0.282999, 59.2
66.7534, 128.828, 77.8104, 0, -0.107541, -0.0323125, 0.278422, 59.3
63.5277, 128.947, 73.1732, 0, -0.108653, -0.0366677, 0.27451, 59.4
60.2995, 128.862, 68.5337, 0, -0.109766, -0.0410229, 0.270599, 59.5