67.7011, -139.212, 66.2668, 0, 0.181172, -0.0376779, 0.406453, -0.3
78.0078, -150.067, 76.4004, 0, 0.156225, -0.04319, 0.374091, -0.2
98.0206, -159.099, 96.2481, 0, 0.131278, -0.0487022, 0.34173, -0.1
134.865, -163.084, 132.931, 0, 0.106332, -0.0542143, 0.309369, 0
171.368, -158.929, 169.273, 0, 0.0813849, -0.0597265, 0.277007, 0.1
64.5162, -135.638, 58.4464, 0, 0.0909304, -0.0425205, 0.322542, 0.2
100.095, -164.076, 98.7494, 0, 0.0615083, -0.0400914, 0.261953, 0.3
85.4867, -163.341, 84.3638, 0, 0.0591338, -0.0226431, 0.266085, 0.4
135.772, -165.43, 135.216, 0, 0.0357172, -0.0344622, 0.275382, 0.5
100.35, -164.083, 95.6024, 0, 0.0158835, -0.0422357, 0.266414, 0.6
105.27, -165.432, 101.367, 0, 0.00548488, -0.0419355, 0.258325, 0.7
114.967, -166.902, 108.987, 0, 0.00325698, -0.0420292, 0.262205, 0.8
120.91, -168.932, 115.855, 0, -0.00217152, -0.0432605, 0.256733, 0.9
127.747, -168.186, 125.168, 0, -0.00253752, -0.0393609, 0.255305, 1
133.423, -168.328, 131.64, 0, -0.00765726, -0.0385227, 0.252699, 1.1
128.435, -167.422, 126.671, 0, -0.00314031, -0.0255077, 0.253732, 1.2
121.893, -167.371, 121.201, 0, -0.00424772, -0.019026, 0.252138, 1.3
120.895, -167.98, 119.896, 0, -0.00776287, -0.020585, 0.247025, 1.4
110.698, -166.452, 110.54, 0, -0.0116533, -0.0155234, 0.251064, 1.5
148.553, -165.974, 147.486, 0, -0.0125765, -0.0143747, 0.247931, 1.6
123.522, -167.807, 122.673, 0, -0.0154997, -0.00975543, 0.251485, 1.7
124.664, -168.042, 123.777, 0, -0.0177315, -0.00640909, 0.252162, 1.8
115.92, -167.485, 116.182, 0, -0.0190456, 0.00248551, 0.252499, 1.9
111.081, -166.601, 111.106, 0, -0.0183927, 0.00315637, 0.257498, 2
115.291, -167.297, 115.929, 0, -0.0221725, 0.00891069, 0.253936, 2.1
94.59, -168.789, 93.1628, 0, -0.0243505, 0.00724314, 0.251146, 2.2
87.5372, -168.954, 85.5046, 0, -0.0263079, 0.00929803, 0.249647, 2.3
100.114, -168.461, 99.4853, 0, -0.024104, 0.00716345, 0.24841, 2.4
92.995, -169.758, 92.1575, 0, -0.0256224, 0.0067461, 0.248632, 2.5
84.2528, -167.763, 84.3952, 0, -0.0311385, 0.00771309, 0.244075, 2.6
98.2288, -171.051, 97.3471, 0, -0.0270613, 0.00601197, 0.247635, 2.7
94.1934, -168.529, 94.2552, 0, -0.0284665, 0.00767028, 0.247804, 2.8
96.6823, -168.327, 96.8013, 0, -0.0243595, 0.00774415, 0.249475, 2.9
98.9604, -167.945, 99.6327, 0, -0.021731, 0.00617093, 0.247997, 3
84.1242, -165.583, 84.2186, 0, -0.0169606, 0.00811986, 0.24829, 3.1
107.74, -168.809, 109.633, 0, -0.0163744, 0.00472145, 0.243964, 3.2
88.9937, -166.908, 89.8611, 0, -0.00970226, 0.00593749, 0.244379, 3.3
101.38, -167.11, 102.341, 0, -0.00499047, 0.00421906, 0.242945, 3.4
96.338, -166.752, 96.7141, 0, -0.000856745, 0.00487415, 0.243126, 3.5
106.41, -166.346, 107.11, 0, -0.00251006, 0.00206084, 0.24484, 3.6
103.519, -167.069, 104.117, 0, -0.00234195, 0.00319205, 0.245816, 3.7
108.25, -166.196, 108.913, 0, -0.000612212, 0.00306611, 0.247635, 3.8
101.347, -167.557, 101.143, 0, -0.00137302, 0.00201878, 0.245668, 3.9
106.014, -164.711, 107.008, 0, -0.00187261, 0.00412898, 0.249251, 4
113.518, -169.034, 114.48, 0, -0.00215129, 3.57825e-05, 0.245758, 4.1
113.065, -165.852, 113.914, 0, -0.00325935, 0.003127, 0.247045, 4.2
111.811, -164.731, 112.989, 0, -0.00348784, 0.00393358, 0.249555, 4.3
117.955, -164.815, 120.759, 0, -0.0021129, 0.00527915, 0.249473, 4.4
111.873, -162.633, 115.515, 0, -0.000109901, 0.00428653, 0.248962, 4.5
113.658, -164.533, 118.795, 0, -0.00156274, 0.00522452, 0.24254, 4.6
125.699, -160.471, 130.463, 0, -0.00058537, 0.000896705, 0.249157, 4.7
133.994, -158.439, 138.956, 0, -0.00183987, -0.00387248, 0.250533, 4.8
142.765, -157.312, 147.825, 0, -0.00385384, -0.00910677, 0.248604, 4.9
146.233, -151.532, 151.955, 0, -0.0055307, -0.0160974, 0.249848, 5
150.188, -149.012, 155.401, 0, -0.00734779, -0.0222359, 0.248278, 5.1
150.884, -142.456, 157.737, 0, -0.00742164, -0.0245976, 0.250615, 5.2
154.981, -142.487, 159.489, 0, -0.00932579, -0.0306476, 0.248671, 5.3
156.523, -135.622, 162.551, 0, -0.0084118, -0.0311364, 0.252062, 5.4
157.586, -131.867, 161.886, 0, -0.00907937, -0.033732, 0.253253, 5.5
160.571, -129.076, 163.613, 0, -0.0124132, -0.0368004, 0.256698, 5.6
162.71, -134.742, 162.499, 0, -0.0213755, -0.0315877, 0.252486, 5.7
164.576, -131.524, 162.382, 0, -0.0228963, -0.0332033, 0.25714, 5.8
163.099, -128.272, 163.862, 0, -0.0190529, -0.0357819, 0.256445, 5.9
164.053, -127.706, 163.789, 0, -0.0231472, -0.0360425, 0.257878, 6
159.789, -128.875, 163.012, 0, -0.0184136, -0.0338602, 0.254202, 6.1
154.894, -134.505, 160.102, 0, -0.0174489, -0.0279546, 0.250637, 6.2
155.56, -129.324, 163.795, 0, -0.0106825, -0.0292085, 0.25943, 6.3
155.884, -129.563, 163.626, 0, -0.0104107, -0.029525, 0.259121, 6.4
156.828, -126.284, 165.998, 0, -0.00954216, -0.0347865, 0.260022, 6.5
158.639, -125.141, 165.067, 0, -0.0108473, -0.0384741, 0.256929, 6.6
159.573, -123.902, 165.197, 0, -0.0109747, -0.0412447, 0.256009, 6.7
159.611, -117.395, 169.037, 0, -0.00616436, -0.0483803, 0.261443, 6.8
159.819, -131.303, 158.939, 0, -0.0103919, -0.0354713, 0.242036, 6.9
159.95, -129.202, 164.034, 0, -0.00458896, -0.0355472, 0.239637, 7
158.75, -127.9, 161.986, 0, 0.000898387, -0.0349101, 0.239183, 7.1
161.118, -129.764, 158.473, 0, -0.00111831, -0.0346466, 0.237741, 7.2
163.921, -123.805, 162.665, 0, -0.00427963, -0.0375484, 0.238578, 7.3
163.624, -131.01, 154.725, 0, -0.004277, -0.0376404, 0.236541, 7.4
165.731, -127.936, 158.508, 0, -0.00654028, -0.0400938, 0.23595, 7.5
166.956, -127.881, 158.214, 0, -0.0074375, -0.0412192, 0.234881, 7.6
165.721, -124.898, 159.433, 0, -0.00362981, -0.044133, 0.235697, 7.7
165.264, -119.941, 162.207, 0, -0.00169866, -0.0474059, 0.23862, 7.8
164.799, -123.12, 162.188, 0, -0.00385098, -0.0470809, 0.236089, 7.9
164.3, -121.097, 162.234, 0, -0.0043316, -0.0461096, 0.236864, 8
163.619, -123.029, 162.305, 0, -0.00434143, -0.0409004, 0.238418, 8.1
163.359, -119.618, 163.529, 0, -0.00410997, -0.0387894, 0.242903, 8.2
163.064, -120.883, 163.501, 0, -0.00556315, -0.036958, 0.243849, 8.3
163.365, -117.505, 164.167, 0, -0.00598384, -0.0408753, 0.243195, 8.4
163.608, -117.689, 165.135, 0, -0.00708474, -0.0448568, 0.240206, 8.5
163.32, -117.345, 165.746, 0, -0.00741166, -0.0469653, 0.237766, 8.6
162.772, -116.614, 165.752, 0, -0.00647584, -0.0478413, 0.237048, 8.7
161.699, -116.12, 165.935, 0, -0.00483224, -0.0467033, 0.23626, 8.8
163.206, -112.228, 168.251, 0, -0.00471014, -0.050882, 0.240561, 8.9
161.899, -114.72, 166.542, 0, -0.00451571, -0.0494899, 0.23658, 9
162.013, -113.504, 167.677, 0, -0.00366909, -0.0510541, 0.237242, 9.1
161.795, -112.984, 168.201, 0, -0.00361042, -0.0536196, 0.238708, 9.2
160.796, -115.701, 165.947, 0, -0.00472211, -0.0566422, 0.228467, 9.3
161.928, -113.864, 167.134, 0, -0.00444124, -0.0566971, 0.233457, 9.4
162.33, -114.82, 166.961, 0, -0.00429053, -0.059272, 0.229595, 9.5
161.492, -114.641, 166.795, 0, -0.00340648, -0.0590106, 0.228255, 9.6
162.517, -113.241, 167.335, 0, -0.00422435, -0.0618254, 0.226518, 9.7
162.32, -114.562, 167.012, 0, -0.00415966, -0.0632981, 0.227456, 9.8
162.074, -114.737, 166.894, 0, -0.00453888, -0.0639204, 0.223891, 9.9
160.883, -113.887, 166.523, 0, -0.00385302, -0.0645747, 0.221466, 10
161.416, -114.101, 167.054, 0, -0.00291003, -0.0661759, 0.222913, 10.1
161.006, -114.094, 166.804, 0, -0.00357537, -0.0663094, 0.221612, 10.2
162.202, -114.702, 166.922, 0, -0.00149743, -0.0681767, 0.224386, 10.3
160.988, -114.123, 166.525, 0, -0.00291571, -0.0684873, 0.218825, 10.4
161.067, -113.949, 166.883, 0, -0.00317989, -0.0702854, 0.219008, 10.5
161.156, -113.906, 167.226, 0, -0.00313559, -0.0709985, 0.218244, 10.6
160.616, -113.701, 166.911, 0, -0.00274076, -0.0718221, 0.218065, 10.7
160.605, -113.344, 167.43, 0, -0.00159067, -0.0721879, 0.216695, 10.8
161.303, -110.593, 168.539, 0, -0.00188601, -0.0767075, 0.222656, 10.9
160.455, -112.312, 167.73, 0, -0.00213996, -0.0729028, 0.215054, 11
161.032, -110.733, 168.094, 0, -0.00126008, -0.0722626, 0.219052, 11.1
161.166, -107.977, 169.217, 0, 0.000362928, -0.0736698, 0.221994, 11.2
160.32, -108.122, 168.214, 0, 0.000792666, -0.0695307, 0.216836, 11.3
161.525, -106.839, 169.036, 0, 0.00120958, -0.0723148, 0.225209, 11.4
161.405, -106.289, 169.026, 0, 0.00199996, -0.0698475, 0.223599, 11.5
160.879, -104.662, 169.527, 0, 0.00315135, -0.0700953, 0.2243, 11.6
163.147, -105.249, 169.94, 0, 0.00364043, -0.0726092, 0.229745, 11.7
161.559, -103.234, 169.574, 0, 0.00369272, -0.0705891, 0.223205, 11.8
160.061, -105.135, 167.404, 0, 0.00189841, -0.0755527, 0.225835, 11.9
161.274, -103.719, 168.903, 0, 0.00267574, -0.0744456, 0.221885, 12
161.635, -100.934, 169.192, 0, 0.00490301, -0.0714879, 0.221954, 12.1
161.65, -102.295, 168.912, 0, 0.00357442, -0.075115, 0.224127, 12.2
161.65, -99.8622, 167.998, 0, 0.00545787, -0.0741634, 0.220659, 12.3
162.492, -99.7286, 168.405, 0, 0.00336691, -0.0751324, 0.223768, 12.4
161.605, -103.032, 163.28, 0, 0.00532971, -0.0766854, 0.224362, 12.5
162.148, -100.038, 166.679, 0, 0.00191922, -0.0755596, 0.228573, 12.6
160.496, -98.5307, 164.991, 0, 0.00187742, -0.0672627, 0.214603, 12.7
160.357, -102.76, 164.177, 0, -0.000464152, -0.0690582, 0.222737, 12.8
160.839, -105.901, 161.317, 0, 0.000794051, -0.0680114, 0.235715, 12.9
158.233, -105.575, 162.22, 0, -0.000750324, -0.0662578, 0.225861, 13
157.889, -104.73, 162.603, 0, -0.000942614, -0.0675237, 0.225769, 13.1
156.517, -104.707, 164.291, 0, -0.00092489, -0.0696557, 0.227953, 13.2
154.194, -105.816, 165.022, 0, -0.000173005, -0.0703352, 0.225416, 13.3
152.514, -104.948, 166.235, 0, 0.000978151, -0.0708321, 0.223099, 13.4
150.995, -106.55, 167.545, 0, 0.00059074, -0.0740919, 0.225824, 13.5
148.924, -107.03, 166.923, 0, 0.00247796, -0.0741593, 0.221866, 13.6
150.097, -99.9206, 171.992, 0, 0.00904924, -0.0760082, 0.226245, 13.7
149.342, -106.553, 167.43, 0, 0.00308986, -0.0737597, 0.225526, 13.8
148.05, -103.857, 168.099, 0, 0.00296841, -0.0726392, 0.222324, 13.9
148.212, -106.706, 169.353, 0, 0.00293545, -0.0752644, 0.227032, 14
147.239, -102.422, 171.06, 0, 0.00716918, -0.0769435, 0.227077, 14.1
146.613, -107.208, 170.213, 0, 0.00426055, -0.0767506, 0.225153, 14.2
146.244, -102.611, 170.348, 0, 0.00830532, -0.0764028, 0.218022, 14.3
145.793, -106.911, 170.711, 0, 0.00639877, -0.0761158, 0.226769, 14.4
147.644, -104.115, 171.398, 0, 0.010193, -0.0772844, 0.21882, 14.5
146.003, -106.18, 171.636, 0, 0.00745362, -0.0769723, 0.221124, 14.6
145.996, -107.221, 170.812, 0, 0.0102091, -0.0773198, 0.217391, 14.7
145.457, -106.323, 172.207, 0, 0.0106406, -0.0773968, 0.218215, 14.8
144.767, -107.168, 168.423, 0, 0.0133056, -0.0757937, 0.211181, 14.9
146.851, -106.627, 171.228, 0, 0.0118194, -0.0752696, 0.21778, 15
148.231, -104.737, 170.505, 0, 0.0140886, -0.0744061, 0.217078, 15.1
146.653, -108.74, 171.365, 0, 0.0129737, -0.0744251, 0.214148, 15.2
143.522, -107.84, 172.136, 0, 0.0179406, -0.0719977, 0.207793, 15.3
142.34, -107.936, 172.433, 0, 0.0199287, -0.0726509, 0.213336, 15.4
141.304, -105.661, 170.902, 0, 0.0177387, -0.0698588, 0.205914, 15.5
141.439, -106.109, 171.476, 0, 0.0129416, -0.07166, 0.218862, 15.6
142.805, -105.496, 172.195, 0, 0.00770942, -0.0699202, 0.210356, 15.7
142.342, -105.201, 171.064, 0, 0.00615545, -0.0734475, 0.215765, 15.8
142.142, -105.661, 171.555, 0, 0.0029302, -0.0746568, 0.222455, 15.9
142.175, -105.046, 171.282, 0, 0.00412034, -0.0726651, 0.218645, 16
141.416, -104.723, 171.89, 0, 0.00417387, -0.0703666, 0.218763, 16.1
141.232, -104.909, 172.346, 0, 0.0041174, -0.068725, 0.220289, 16.2
140.909, -102.774, 171.577, 0, -0.00161303, -0.0636701, 0.220161, 16.3
140.991, -103.067, 173.43, 0, -0.00256898, -0.0658726, 0.230124, 16.4
139.936, -101.782, 171.927, 0, -0.00777949, -0.0623123, 0.229522, 16.5
141.855, -97.5634, 176.334, 0, -0.00463237, -0.0708896, 0.231489, 16.6
139.378, -104.249, 172.307, 0, -0.0164065, -0.0807985, 0.246264, 16.7
142.523, -99.2318, 174.357, 0, -0.0108725, -0.0740246, 0.229172, 16.8
143.428, -98.6669, 175.368, 0, -0.00961317, -0.0794265, 0.229465, 16.9
142.633, -97.6708, 175.01, 0, -0.0091697, -0.0812262, 0.224586, 17
143.691, -96.6773, 176.141, 0, -0.00821875, -0.0803782, 0.225117, 17.1
143.872, -96.6924, 176.296, 0, -0.0071889, -0.0810837, 0.22642, 17.2
141.552, -95.9182, 175.418, 0, -0.0111898, -0.0836802, 0.225872, 17.3
144.04, -96.9062, 176.291, 0, -0.00693356, -0.0794178, 0.227767, 17.4
143.657, -96.0328, 176.031, 0, -0.00682053, -0.0796681, 0.22645, 17.5
144.348, -93.2732, 177.961, 0, -0.00422964, -0.0819725, 0.226265, 17.6
143.474, -98.2282, 176.267, 0, -0.00773853, -0.0830746, 0.229788, 17.7
144.583, -92.442, 178.038, 0, -0.00576763, -0.0812293, 0.223069, 17.8
144.129, -93.3706, 178.401, 0, -0.00508339, -0.0814391, 0.225149, 17.9
143.27, -94.9062, 176.943, 0, -0.00644852, -0.0808077, 0.225487, 18
144.215, -94.66, 176.719, 0, -0.00458053, -0.0796938, 0.225224, 18.1
145.207, -96.6832, 175.98, 0, -0.00534097, -0.0791277, 0.225069, 18.2
141.815, -106.958, 167.345, 0, -0.00638969, -0.0658479, 0.215999, 18.3
144.197, -101.795, 172.617, 0, -0.000390552, -0.0706544, 0.222742, 18.4
143.666, -104.816, 171.82, 0, 0.000769921, -0.0655863, 0.223057, 18.5
144.018, -108.294, 169.347, 0, -0.00339126, -0.0577184, 0.220976, 18.6
143.351, -107.501, 167.712, 0, 0.0019425, -0.0664029, 0.225382, 18.7
143.718, -111.857, 167.321, 0, -0.00452171, -0.0574186, 0.222673, 18.8
143.604, -111.758, 165.84, 0, -0.00309968, -0.0573778, 0.219063, 18.9
144.345, -111.707, 165.642, 0, -0.00214925, -0.0601312, 0.218623, 19
143.499, -115.466, 163.911, 0, -0.00332059, -0.0586425, 0.214368, 19.1
142.465, -116.708, 162.207, 0, -0.00420486, -0.0596847, 0.20854, 19.2
144.986, -115.413, 164.758, 0, -0.00355489, -0.0653436, 0.219504, 19.3
141.494, -120.65, 159.487, 0, -0.00856824, -0.0604896, 0.204924, 19.4
141.496, -121.432, 159.071, 0, -0.00916276, -0.0599861, 0.205772, 19.5
141.65, -121.87, 158.476, 0, -0.00925882, -0.0586225, 0.204974, 19.6
141.373, -122.368, 158.824, 0, -0.0102101, -0.0580623, 0.208138, 19.7
141.838, -122.531, 157.966, 0, -0.00974641, -0.0571374, 0.203235, 19.8
139.396, -127.146, 155.231, 0, -0.0141739, -0.0563601, 0.20483, 19.9
140.925, -125.416, 155.19, 0, -0.0132069, -0.0562021, 0.203063, 20
138.73, -129.144, 153.926, 0, -0.015876, -0.0539843, 0.201978, 20.1
140.041, -127.949, 154.4, 0, -0.0158095, -0.0551067, 0.205629, 20.2
140.358, -125.031, 154.823, 0, -0.0162961, -0.054801, 0.203268, 20.3
141.188, -125.536, 156.637, 0, -0.0172545, -0.0573427, 0.209945, 20.4
139.917, -127.141, 154.236, 0, -0.0196577, -0.0520974, 0.210729, 20.5
141.091, -125.186, 156.169, 0, -0.0173932, -0.0574416, 0.211647, 20.6
141.74, -126.248, 156.863, 0, -0.0190112, -0.059044, 0.21533, 20.7
141.838, -125.667, 156.631, 0, -0.0180992, -0.0597351, 0.215164, 20.8
143.509, -121.533, 158.896, 0, -0.0152195, -0.0623416, 0.217747, 20.9
142.257, -123.727, 157.69, 0, -0.0167877, -0.0610919, 0.216228, 21
143.699, -123.089, 158.824, 0, -0.0140248, -0.0655565, 0.217582, 21.1
141.725, -122.983, 157.724, 0, -0.00954621, -0.0641278, 0.217215, 21.2
142.099, -120.129, 159.968, 0, -0.00578378, -0.0652242, 0.217115, 21.3
139.612, -123.349, 157.986, 0, -0.00347759, -0.0593748, 0.220528, 21.4
138.688, -122.306, 158.538, 0, -0.000285708, -0.059781, 0.223271, 21.5
137.576, -122.62, 158.417, 0, 0.00126313, -0.0611272, 0.223244, 21.6
136.423, -123.232, 159.558, 0, 0.00205607, -0.0583922, 0.226026, 21.7
135.402, -123.121, 158.227, 0, 0.00758493, -0.0592135, 0.225077, 21.8
135.133, -123.008, 158.299, 0, 0.00714949, -0.0580091, 0.23069, 21.9
134.882, -123.008, 158.577, 0, 0.00996118, -0.0571901, 0.229841, 22
135.42, -122.504, 158.806, 0, 0.00936822, -0.056459, 0.229917, 22.1
136.604, -124.042, 157.85, 0, 0.00743983, -0.0538328, 0.231614, 22.2
137.03, -127.676, 155.61, 0, 0.0060647, -0.042677, 0.233667, 22.3
139.962, -124.155, 158.247, 0, 0.00971098, -0.0377613, 0.240041, 22.4
139.77, -125.03, 159.27, 0, 0.0110521, -0.0477887, 0.231574, 22.5
140.399, -128.623, 153.605, 0, 0.00627114, -0.0224055, 0.257353, 22.6
135.37, -137.162, 146.2, 0, 0.00340154, -0.0197564, 0.236809, 22.7
135.153, -136.19, 147.573, 0, 0.00171175, -0.0142929, 0.231409, 22.8
133.059, -138.936, 145.677, 0, 0.0052435, -0.00746719, 0.240322, 22.9
131.204, -140.628, 142.615, 0, 0.003718, -0.00311988, 0.24142, 23
129.076, -141.17, 139.998, 0, 0.00234573, -0.00648789, 0.238754, 23.1
130.185, -140.184, 141.163, 0, 0.00128844, -0.0171506, 0.234633, 23.2
130.535, -138.845, 144.746, 0, 0.00130658, -0.0252594, 0.236442, 23.3
133.231, -136.555, 146.305, 0, -0.00251949, -0.029976, 0.225473, 23.4
140.045, -136.81, 150.631, 0, -0.00655676, -0.0394123, 0.232239, 23.5
140.775, -138.137, 151.266, 0, -0.0102057, -0.0475849, 0.227719, 23.6
143.156, -134.921, 154.443, 0, -0.0102687, -0.0539976, 0.227759, 23.7
140.441, -138.834, 150.565, 0, -0.0126943, -0.0426542, 0.2286, 23.8
124.85, -146.139, 136.942, 0, -0.0130097, -0.0275908, 0.227375, 23.9
124.09, -148.309, 135.72, 0, -0.0133088, -0.0177071, 0.233386, 24
99.3129, -148.795, 111.806, 0, -0.0109016, 0.0100509, 0.236034, 24.1
116.225, -144.055, 129.07, 0, -0.00140853, 0.0168206, 0.251111, 24.2
107.219, -151.371, 117.956, 0, -0.00542662, 0.0384392, 0.25434, 24.3
103.549, -152.45, 108.787, 0, -0.0107224, 0.0394173, 0.244029, 24.4
95.4584, -153.302, 99.7912, 0, -0.0099307, 0.0327847, 0.236317, 24.5
75.2073, -156.6, 78.1614, 0, -0.0164025, 0.0400999, 0.235958, 24.6
65.7292, -153.473, 66.2441, 0, -0.0187999, 0.0479794, 0.235126, 24.7
50.977, -148.299, 53.6768, 0, -0.016945, 0.0502854, 0.230744, 24.8
56.5417, -150.61, 57.1865, 0, -0.0166733, 0.0510926, 0.23325, 24.9
47.0895, -146.561, 46.6084, 0, -0.0172796, 0.0522344, 0.236494, 25
50.0931, -147.523, 48.1868, 0, -0.0159659, 0.054891, 0.237026, 25.1
37.4383, -141.937, 33.111, 0, -0.0222389, 0.0549499, 0.23297, 25.2
35.0111, -142.78, 33.1567, 0, -0.0244962, 0.0578142, 0.234417, 25.3
35.3619, -137.371, 32.153, 0, -0.024129, 0.0589911, 0.232864, 25.4
30.61, -138.618, 26.286, 0, -0.0292615, 0.0539651, 0.228132, 25.5
34.5438, -139.8, 29.9229, 0, -0.0283492, 0.0574429, 0.232594, 25.6
32.5357, -137.921, 27.5123, 0, -0.0306989, 0.0561513, 0.233683, 25.7
31.9663, -137.472, 27.6471, 0, -0.0309026, 0.0572289, 0.229944, 25.8
32.021, -138.695, 25.6531, 0, -0.032753, 0.0578292, 0.235609, 25.9
35.3516, -144.915, 31.3979, 0, -0.032498, 0.0585658, 0.23555, 26
34.6757, -140.687, 27.8961, 0, -0.0394652, 0.0575162, 0.240201, 26.1
40.1143, -144.707, 33.8404, 0, -0.04029, 0.0555147, 0.240415, 26.2
36.7784, -142.563, 30.2545, 0, -0.0402338, 0.0540048, 0.238781, 26.3
37.4392, -143.935, 31.4103, 0, -0.0391567, 0.0558558, 0.235972, 26.4
35.3791, -141.031, 28.5945, 0, -0.0374241, 0.0560197, 0.230446, 26.5
35.1758, -142.057, 28.3199, 0, -0.0352182, 0.0552582, 0.233316, 26.6
32.7687, -142.361, 25.2046, 0, -0.0350307, 0.0558143, 0.235555, 26.7
28.3788, -139.38, 20.897, 0, -0.0337119, 0.0524233, 0.231349, 26.8
27.0419, -141.991, 19.3996, 0, -0.0316264, 0.0498123, 0.23594, 26.9
25.7568, -146.738, 18.2394, 0, -0.0300925, 0.0412034, 0.240392, 27
21.0301, -142.25, 14.1943, 0, -0.0265946, 0.0380275, 0.24088, 27.1
19.6373, -146.015, 15.0809, 0, -0.0211967, 0.0351597, 0.237099, 27.2
16.4627, -140.557, 10.567, 0, -0.0256151, 0.0354815, 0.237253, 27.3
13.9553, -143.766, 11.2676, 0, -0.0241114, 0.0319654, 0.244423, 27.4
11.9723, -141.934, 7.15751, 0, -0.0243974, 0.0358898, 0.242726, 27.5
9.12155, -142.794, 4.69211, 0, -0.0218528, 0.0375707, 0.243477, 27.6
9.09206, -142.555, 5.68606, 0, -0.0202782, 0.0338069, 0.241865, 27.7
4.86717, -143.152, 1.34141, 0, -0.0189115, 0.0368494, 0.244685, 27.8
7.05288, -146.625, 4.87149, 0, -0.0191134, 0.0347347, 0.243867, 27.9
6.9656, -148.531, 4.05718, 0, -0.0195648, 0.0388168, 0.243816, 28
4.30911, -151.651, 2.05664, 0, -0.0198992, 0.0380086, 0.2382, 28.1
6.14212, -149.508, 3.75114, 0, -0.0182299, 0.041606, 0.239165, 28.2
5.67997, -151.367, 3.59155, 0, -0.018857, 0.0443062, 0.234199, 28.3
8.09814, -150.349, 6.42546, 0, -0.0144987, 0.0483598, 0.233579, 28.4
5.55908, -148.462, 3.05024, 0, -0.0130313, 0.0532812, 0.234013, 28.5
8.52607, -151.145, 6.87749, 0, -0.00861729, 0.0587386, 0.235489, 28.6
6.44805, -151.125, 4.7085, 0, -0.0057374, 0.0621799, 0.232655, 28.7
8.6096, -151.022, 7.35208, 0, -0.00377886, 0.0662869, 0.23126, 28.8
6.41029, -152.535, 4.32276, 0, -0.00397038, 0.0707165, 0.232362, 28.9
6.56426, -153.092, 5.22812, 0, -0.00229318, 0.0720909, 0.228103, 29
7.61272, -148.901, 4.68117, 0, -0.00368083, 0.077459, 0.235579, 29.1
8.77002, -152.58, 7.0181, 0, -0.00470887, 0.0783743, 0.229651, 29.2
14.0678, -150.735, 12.57, 0, -0.00432183, 0.0812765, 0.228591, 29.3
8.34927, -151.83, 6.61165, 0, -0.00519283, 0.0812493, 0.22866, 29.4
9.79733, -151.943, 8.22156, 0, -0.0048208, 0.0826676, 0.229542, 29.5
9.88763, -150.684, 7.83705, 0, -0.00521858, 0.0848754, 0.229953, 29.6
9.90409, -149.552, 7.54911, 0, -0.00480701, 0.08573, 0.227536, 29.7
8.53065, -147.395, 5.8741, 0, -0.00558551, 0.086552, 0.226989, 29.8
6.72481, -145.626, 3.59287, 0, -0.0052092, 0.0857016, 0.229815, 29.9
8.25839, -143.357, 5.01882, 0, -0.00644447, 0.0814782, 0.232922, 30
7.60686, -142.825, 4.02612, 0, -0.00614453, 0.0806039, 0.239002, 30.1
9.61967, -142.174, 6.12919, 0, -0.00786863, 0.081569, 0.245346, 30.2
8.99538, -143.365, 4.07006, 0, -0.0100183, 0.0760761, 0.245046, 30.3
11.1569, -138.174, 6.63585, 0, -0.0122491, 0.0743735, 0.248505, 30.4
9.64955, -139.351, 4.70372, 0, -0.0131375, 0.0748191, 0.249833, 30.5
7.42423, -137.856, 2.17363, 0, -0.0124562, 0.0735956, 0.249482, 30.6
9.31167, -137.625, 4.39153, 0, -0.0131045, 0.0732082, 0.248839, 30.7
7.92481, -135.254, 2.89342, 0, -0.0136105, 0.0724519, 0.246342, 30.8
7.81636, -136.664, 2.79371, 0, -0.0121812, 0.0721375, 0.24707, 30.9
8.54797, -136.76, 4.07595, 0, -0.0130153, 0.077342, 0.244865, 31
8.00312, -135.78, 3.97394, 0, -0.0118072, 0.0775858, 0.245844, 31.1
10.0106, -135.878, 6.97675, 0, -0.0136798, 0.0790119, 0.244666, 31.2
5.14159, -130.291, 0.700717, 0, -0.0143757, 0.0746991, 0.237833, 31.3
9.27597, -133.151, 6.07046, 0, -0.0147055, 0.0795119, 0.246205, 31.4
6.8291, -131.837, 3.51098, 0, -0.0150735, 0.0798105, 0.237371, 31.5
10.0221, -130.924, 6.6106, 0, -0.0135531, 0.0806383, 0.247161, 31.6
10.939, -135.412, 8.9233, 0, -0.014333, 0.0863252, 0.252601, 31.7
10.1752, -132.724, 6.87535, 0, -0.0141578, 0.0842657, 0.251232, 31.8
8.7929, -136.14, 5.74413, 0, -0.0137483, 0.0808125, 0.251942, 31.9
10.2856, -134.372, 7.07466, 0, -0.0161477, 0.0812716, 0.248972, 32
10.3266, -136.874, 8.99938, 0, -0.014156, 0.0771648, 0.253273, 32.1
10.5575, -135.029, 9.28694, 0, -0.0157908, 0.0773652, 0.248121, 32.2
9.95276, -142.934, 6.16594, 0, -0.0187828, 0.0824843, 0.258862, 32.3
10.6718, -139.397, 10.1539, 0, -0.0156544, 0.0781402, 0.252947, 32.4
11.3093, -139.181, 10.4849, 0, -0.0148512, 0.0783237, 0.254009, 32.5
13.616, -141.159, 14.2743, 0, -0.0130987, 0.0771944, 0.254478, 32.6
16.5021, -139.943, 17.0417, 0, -0.012216, 0.0772163, 0.255334, 32.7
15.1935, -139.212, 16.7247, 0, -0.00803756, 0.0747408, 0.256137, 32.8
12.1187, -141.825, 2.31189, 0, -0.012289, 0.0707365, 0.250506, 32.9
17.6293, -144.616, 13.3151, 0, 0.00155028, 0.0497033, 0.246955, 33
14.5358, -136.42, 7.47753, 0, -0.00636344, 0.0543325, 0.250457, 33.1
28.5986, -144.861, 26.7297, 0, 0.00360518, 0.0509628, 0.246262, 33.2
27.8375, -135.43, 31.1542, 0, 0.0117436, 0.0540164, 0.259445, 33.3
36.8919, -137.737, 41.6704, 0, 0.0189449, 0.0580836, 0.253142, 33.4
35.591, -139.942, 45.6229, 0, 0.0270283, 0.0565539, 0.253482, 33.5
34.5571, -139.05, 43.5179, 0, 0.0293479, 0.0529072, 0.252891, 33.6
40.4589, -141.316, 36.8395, 0, 0.0215514, 0.0513162, 0.248999, 33.7
47.3915, -144.235, 40.507, 0, 0.0166391, 0.0512134, 0.254291, 33.8
41.8484, -150.397, 29.7406, 0, -0.00113278, 0.034607, 0.253837, 33.9
33.5704, -147.089, 20.5999, 0, -0.00873022, 0.0433899, 0.249758, 34
15.4717, -142.692, 7.37849, 0, -0.00707312, 0.0355074, 0.239594, 34.1
34.6291, -143.607, 26.3425, 0, 0.00392265, 0.036466, 0.245304, 34.2
33.421, -140.072, 28.7305, 0, 0.0142151, 0.0343836, 0.246984, 34.3
42.8673, -144.318, 41.6617, 0, 0.0239486, 0.0375118, 0.247467, 34.4
41.8924, -137.572, 41.5578, 0, 0.0235158, 0.038805, 0.254344, 34.5
49.193, -142.104, 43.2538, 0, 0.026637, 0.0384993, 0.250045, 34.6
36.1985, -141.814, 18.8797, 0, 0.020269, 0.0375705, 0.255935, 34.7
55.1303, -147.218, 41.8086, 0, 0.0318819, 0.0343818, 0.250567, 34.8
61.3707, -148.655, 45.8755, 0, 0.0358758, 0.0329238, 0.250474, 34.9
66.6661, -130.465, 67.7937, 0, 0.0517635, 0.036192, 0.259254, 35
60.8205, -123.918, 65.2699, 0, 0.0660291, 0.0371371, 0.256536, 35.1
70.5795, -119.578, 70.3016, 0, 0.0689938, 0.0375172, 0.254208, 35.2
67.7582, -123.566, 69.7333, 0, 0.0710721, 0.0344536, 0.248975, 35.3
68.5391, -121.423, 67.536, 0, 0.0763495, 0.0382343, 0.254371, 35.4
73.3852, -122.646, 69.2303, 0, 0.0742333, 0.0309598, 0.247246, 35.5
73.6338, -123.694, 68.3987, 0, 0.0718161, 0.0285639, 0.24941, 35.6
65.4009, -121.842, 60.966, 0, 0.0747993, 0.0253753, 0.252657, 35.7
68.3154, -125.953, 72.0073, 0, 0.0868513, 0.0203238, 0.253925, 35.8
58.3876, -119.362, 58.8921, 0, 0.0850494, 0.0186595, 0.258563, 35.9
58.6765, -122.694, 73.1292, 0, 0.090551, 0.0280601, 0.253276, 36
58.5905, -127.014, 72.1225, 0, 0.0948251, 0.0312444, 0.253012, 36.1
56.8609, -123.606, 72.4514, 0, 0.0917887, 0.0300163, 0.24764, 36.2
55.5265, -123.097, 70.9305, 0, 0.092499, 0.0272114, 0.248906, 36.3
57.5752, -122.519, 75.9727, 0, 0.0944621, 0.02555, 0.248903, 36.4
58.8356, -121.261, 77.3425, 0, 0.0987683, 0.0223136, 0.249694, 36.5
59.5631, -120.457, 79.0979, 0, 0.101568, 0.0200447, 0.24981, 36.6
61.3255, -121.024, 86.7724, 0, 0.108256, 0.0268761, 0.252806, 36.7
64.7797, -123.943, 92.0892, 0, 0.114038, 0.0318543, 0.254196, 36.8
62.2173, -120.47, 86.0034, 0, 0.114962, 0.0292722, 0.252594, 36.9
65.3018, -124.247, 95.2993, 0, 0.118498, 0.0333807, 0.257728, 37
66.4612, -124.984, 97.3381, 0, 0.115796, 0.0331255, 0.249905, 37.1
65.0449, -126.092, 95.1934, 0, 0.117402, 0.0365502, 0.255884, 37.2
60.1128, -125.582, 82.5789, 0, 0.109566, 0.0436085, 0.253353, 37.3
57.6352, -135.195, 80.5305, 0, 0.114007, 0.0393441, 0.249523, 37.4
57.2021, -124.466, 71.2849, 0, 0.102884, 0.0455224, 0.246254, 37.5
50.2401, -132.726, 61.6522, 0, 0.108959, 0.0377653, 0.248324, 37.6
48.0451, -130.777, 55.6604, 0, 0.103652, 0.0396649, 0.249769, 37.7
48.5188, -137.077, 55.9714, 0, 0.104096, 0.0425982, 0.251542, 37.8
49.0224, -134.709, 50.5881, 0, 0.103403, 0.038606, 0.24539, 37.9
62.5299, -144.994, 80.8162, 0, 0.119853, 0.0229032, 0.256451, 38
81.3032, -144.771, 110.19, 0, 0.127076, 0.00718803, 0.253805, 38.1
73.3853, -136.917, 112.268, 0, 0.117075, -0.00435189, 0.245216, 38.2
75.1038, -131.718, 113.455, 0, 0.102162, -0.0147781, 0.23296, 38.3
85.4842, -134.062, 122.243, 0, 0.089794, -0.0228377, 0.219172, 38.4
86.7794, -134.194, 129.251, 0, 0.0879587, -0.0287934, 0.215219, 38.5
90.1261, -129.698, 137.888, 0, 0.0930943, -0.0306046, 0.226348, 38.6
84.3943, -131.472, 130.666, 0, 0.0839225, -0.027772, 0.217962, 38.7
89.5469, -128.623, 141.367, 0, 0.0944705, -0.0284658, 0.227965, 38.8
87.8529, -129.529, 139.424, 0, 0.0917771, -0.0341913, 0.221252, 38.9
88.1076, -127.836, 142.13, 0, 0.0939856, -0.0328666, 0.220072, 39
88.9766, -126.766, 145.144, 0, 0.0914594, -0.0357772, 0.210725, 39.1
88.8851, -126.683, 147.917, 0, 0.0950975, -0.0405181, 0.214835, 39.2
87.2133, -127.088, 145.952, 0, 0.0935725, -0.0398716, 0.213561, 39.3
89.1934, -126.171, 148.584, 0, 0.0944884, -0.0419161, 0.215377, 39.4
90.1784, -125.681, 151.144, 0, 0.0962673, -0.0454597, 0.214662, 39.5
86.758, -125.666, 147.918, 0, 0.0933657, -0.0460411, 0.209604, 39.6
93.4747, -123.529, 156.953, 0, 0.0930201, -0.0514783, 0.207084, 39.7
87.2944, -124.837, 150.236, 0, 0.0901149, -0.0529754, 0.20526, 39.8
88.3645, -123.948, 152.349, 0, 0.0911929, -0.0531307, 0.205406, 39.9
87.5792, -123.688, 152.411, 0, 0.0919462, -0.0538714, 0.204788, 40
88.6268, -123.176, 154.509, 0, 0.0918774, -0.0566642, 0.203296, 40.1
87.3666, -123.091, 153.431, 0, 0.0902725, -0.0579648, 0.200229, 40.2
88.3932, -123.947, 156.091, 0, 0.0922061, -0.0612627, 0.205989, 40.3
87.3547, -122.608, 154.644, 0, 0.0889908, -0.0607241, 0.200536, 40.4
87.9531, -122.636, 156.063, 0, 0.0908124, -0.0612607, 0.203107, 40.5
87.5297, -122.906, 155.826, 0, 0.0895182, -0.0607215, 0.202619, 40.6
87.9788, -122.439, 156.251, 0, 0.0898571, -0.0598309, 0.202494, 40.7
88.8765, -122.557, 157.516, 0, 0.091377, -0.0608093, 0.204076, 40.8
88.0944, -123.461, 156.35, 0, 0.0886111, -0.0614593, 0.20232, 40.9
88.9757, -123.265, 157.916, 0, 0.0903167, -0.0637685, 0.203966, 41
88.3241, -122.807, 155.027, 0, 0.0850468, -0.0600172, 0.198126, 41.1
89.0181, -123.605, 157.01, 0, 0.0876419, -0.0616744, 0.203389, 41.2
89.5483, -124.584, 157.294, 0, 0.0886139, -0.0603049, 0.206771, 41.3
89.3849, -125.662, 154.991, 0, 0.0862395, -0.0548556, 0.204856, 41.4
91.0329, -128.54, 154.672, 0, 0.0862552, -0.0481437, 0.210592, 41.5
89.8046, -133.095, 152.8, 0, 0.0812113, -0.038334, 0.212801, 41.6
83.7019, -135.555, 144.205, 0, 0.0765021, -0.0377959, 0.217067, 41.7
90.9132, -138.227, 148.839, 0, 0.0764581, -0.0330017, 0.215896, 41.8
84.8683, -139.209, 134.03, 0, 0.0819565, -0.0218133, 0.223469, 41.9
81.4949, -142.914, 124.233, 0, 0.0768281, -0.011682, 0.217983, 42
79.1228, -141.476, 116.477, 0, 0.0784874, -0.0088172, 0.225363, 42.1
73.3701, -145.56, 109.301, 0, 0.0777409, 0.00139526, 0.222376, 42.2
76.4153, -145.474, 109.255, 0, 0.0798123, 0.00467185, 0.238499, 42.3
52.1261, -138.89, 79.7006, 0, 0.0695953, 0.0131694, 0.22557, 42.4
57.5304, -145.416, 82.0397, 0, 0.0703283, 0.0165951, 0.230148, 42.5
58.2287, -144.233, 79.7099, 0, 0.0719639, 0.0235077, 0.228691, 42.6
51.9268, -150.188, 75.7101, 0, 0.0778235, 0.0272819, 0.238983, 42.7
50.1993, -141.948, 67.6736, 0, 0.0714852, 0.0348607, 0.233461, 42.8
39.6946, -139.859, 57.6353, 0, 0.0697962, 0.0372639, 0.237867, 42.9
37.2399, -139.137, 51.536, 0, 0.0681033, 0.0363604, 0.240018, 43
26.5402, -142.229, 40.0759, 0, 0.062047, 0.0375659, 0.229213, 43.1
22.2139, -138.711, 31.948, 0, 0.0674771, 0.0485058, 0.246396, 43.2
14.1236, -133.537, 22.9293, 0, 0.0705277, 0.0525212, 0.247213, 43.3
11.3878, -134.828, 21.8795, 0, 0.0740507, 0.0525218, 0.245066, 43.4
10.3069, -132.658, 21.9323, 0, 0.07293, 0.056036, 0.246822, 43.5
8.38727, -132.958, 20.8089, 0, 0.069639, 0.0599967, 0.24789, 43.6
9.9216, -135.248, 23.4907, 0, 0.0671853, 0.0662139, 0.248634, 43.7
5.27497, -127.752, 20.2465, 0, 0.061697, 0.0613783, 0.250897, 43.8
1.39048, -127.077, 16.793, 0, 0.057985, 0.0582492, 0.247526, 43.9
177.956, 124.985, -164.847, 0, 0.0565043, 0.0558681, 0.244368, 44
175.795, 125.882, -165.317, 0, 0.0538493, 0.0589657, 0.245788, 44.1
172.914, 123.54, -166.319, 0, 0.0529861, 0.0553822, 0.24523, 44.2
171.68, 123.998, -164.813, 0, 0.0495706, 0.0551656, 0.248087, 44.3
167.766, 124.25, -166.808, 0, 0.0485826, 0.0522799, 0.247837, 44.4
166.211, 125.982, -167.866, 0, 0.0481358, 0.0526666, 0.250996, 44.5
169.305, 125.885, -168.165, 0, 0.0461357, 0.0547474, 0.251094, 44.6
176.076, 126.179, -166.12, 0, 0.0405881, 0.0562243, 0.250118, 44.7
179.243, 131.922, -170.947, 0, 0.043585, 0.0598886, 0.258815, 44.8
4.33155, -132.293, 10.6588, 0, 0.0480983, 0.0651074, 0.265201, 44.9
5.90452, -133.161, 5.90759, 0, 0.0513397, 0.0590023, 0.262791, 45
11.5471, -141.411, 5.92751, 0, 0.0548852, 0.0551786, 0.264637, 45.1
15.0396, -144.347, 1.4806, 0, 0.0601846, 0.0475724, 0.263152, 45.2
20.0713, -146.417, 0.878229, 0, 0.063199, 0.048136, 0.267986, 45.3
33.2709, -150.84, 8.7716, 0, 0.0656295, 0.0386773, 0.263428, 45.4
40.1352, -152.291, 11.3545, 0, 0.0686843, 0.0303979, 0.263832, 45.5
49.4302, -154.539, 15.7537, 0, 0.0716825, 0.0238153, 0.264009, 45.6
54.0358, -151.826, 22.7583, 0, 0.0699268, 0.0289179, 0.26179, 45.7
61.7567, -158.544, 30.9627, 0, 0.0711649, 0.0325222, 0.265886, 45.8
59.8718, -156.595, 26.5179, 0, 0.0705081, 0.0346745, 0.261095, 45.9
65.9873, -154.856, 32.4001, 0, 0.0705408, 0.0332411, 0.267779, 46
67.5729, -155.569, 32.3952, 0, 0.0703137, 0.0357265, 0.26299, 46.1
73.3181, -156.308, 37.421, 0, 0.0690845, 0.0379588, 0.263127, 46.2
73.3299, -157.255, 37.3382, 0, 0.0682077, 0.0406645, 0.258507, 46.3
76.1351, -157.07, 40.854, 0, 0.0689367, 0.0415559, 0.258693, 46.4
77.7036, -157.561, 42.5873, 0, 0.067705, 0.0423094, 0.257871, 46.5
81.2112, -156.415, 46.2428, 0, 0.0663492, 0.044913, 0.2553, 46.6
77.4955, -157.359, 42.5444, 0, 0.0662163, 0.0473947, 0.246665, 46.7
78.2083, -157.919, 43.4847, 0, 0.0682335, 0.05098, 0.242596, 46.8
80.5226, -158.936, 46.008, 0, 0.0698147, 0.0521602, 0.23914, 46.9
77.2963, -158.542, 42.3534, 0, 0.0708938, 0.0534969, 0.235463, 47
75.2413, -160.34, 40.1955, 0, 0.0720908, 0.0539063, 0.231116, 47.1
79.4578, -157.417, 44.5712, 0, 0.0745839, 0.0532303, 0.230769, 47.2
73.6845, -160.685, 38.1791, 0, 0.0768262, 0.0513712, 0.224868, 47.3
73.6891, -161.955, 38.1747, 0, 0.0778021, 0.0508183, 0.223362, 47.4
73.2711, -160.761, 37.9268, 0, 0.0789484, 0.050795, 0.224651, 47.5
72.8149, -162.957, 37.444, 0, 0.0804395, 0.0518827, 0.222299, 47.6
70.4838, -163.457, 35.321, 0, 0.0816845, 0.0533925, 0.223341, 47.7
81.3892, -166.375, 47.3313, 0, 0.0805954, 0.0529543, 0.22194, 47.8
61.5623, -168.103, 26.2429, 0, 0.0798247, 0.0537114, 0.221776, 47.9
80.5396, -171.152, 46.5729, 0, 0.0783136, 0.0514373, 0.215614, 48
66.4994, -167.19, 30.7422, 0, 0.0786803, 0.053479, 0.217509, 48.1
67.5192, -169.495, 32.7692, 0, 0.0817997, 0.0533702, 0.218228, 48.2
63.4426, -168.856, 27.8025, 0, 0.0825621, 0.0564392, 0.220843, 48.3
45.3025, -169.801, 11.5087, 0, 0.0816314, 0.0585694, 0.219491, 48.4
65.4595, -169.567, 30.239, 0, 0.0808624, 0.060709, 0.222565, 48.5
63.1065, -164.459, 26.6055, 0, 0.0825115, 0.0602146, 0.220455, 48.6
67.0105, -154.363, 29.9313, 0, 0.0825728, 0.060438, 0.219236, 48.7
71.0246, -152.525, 34.9666, 0, 0.0809924, 0.0595602, 0.226111, 48.8
72.2181, -153.103, 36.0746, 0, 0.0794527, 0.0589951, 0.233146, 48.9
71.8873, -147.707, 36.1978, 0, 0.0803295, 0.0581138, 0.230172, 49
72.153, -149.122, 36.0706, 0, 0.0812228, 0.0569987, 0.231816, 49.1
73.032, -144.503, 37.5436, 0, 0.0840981, 0.0559381, 0.230457, 49.2
71.0155, -141.882, 35.2125, 0, 0.0855837, 0.0550224, 0.228179, 49.3
75.3414, -141.392, 40.4386, 0, 0.0846856, 0.0564204, 0.232223, 49.4
73.32, -141.96, 39.12, 0, 0.0858546, 0.0593239, 0.229518, 49.5
73.0403, -140.079, 39.1728, 0, 0.0858745, 0.0612874, 0.230625, 49.6
73.0784, -138.548, 39.0884, 0, 0.0863264, 0.0614229, 0.231011, 49.7
74.8253, -137.449, 40.7797, 0, 0.0902952, 0.0622839, 0.229723, 49.8
74.6459, -136.779, 40.8112, 0, 0.0941983, 0.0638627, 0.226689, 49.9
77.7, -134.678, 44.8124, 0, 0.0970084, 0.0683057, 0.228347, 50
76.7933, -135.354, 44.57, 0, 0.101774, 0.0733638, 0.228362, 50.1
75.7058, -132.754, 43.2838, 0, 0.103555, 0.0788603, 0.222983, 50.2
78.2605, -134.55, 47.4516, 0, 0.111319, 0.0843507, 0.230946, 50.3
77.0716, -134.683, 45.6609, 0, 0.112464, 0.0848143, 0.229048, 50.4
77.8733, -135.015, 46.6824, 0, 0.112437, 0.086812, 0.228211, 50.5
75.9033, -133.35, 44.5177, 0, 0.113012, 0.0887282, 0.233316, 50.6
77.6244, -133.838, 46.6242, 0, 0.111612, 0.0909668, 0.231008, 50.7
76.6391, -133.221, 46.1037, 0, 0.111339, 0.0918557, 0.231791, 50.8
74.5161, -130.429, 45.138, 0, 0.109531, 0.0889659, 0.229802, 50.9
76.695, -129.424, 47.0968, 0, 0.110911, 0.0886479, 0.234358, 51
75.1376, -128.532, 46.3427, 0, 0.108468, 0.0867247, 0.230866, 51.1
75.2537, -127.827, 45.5551, 0, 0.109585, 0.0875962, 0.233482, 51.2
74.9073, -126.639, 45.9759, 0, 0.107842, 0.0837343, 0.230089, 51.3
74.2785, -124.649, 45.2253, 0, 0.106709, 0.0827786, 0.229364, 51.4
74.6783, -122.67, 45.5055, 0, 0.105534, 0.0814571, 0.227582, 51.5
74.1399, -125.634, 45.4126, 0, 0.106591, 0.0797132, 0.229691, 51.6
75.4204, -123.732, 45.8704, 0, 0.10692, 0.0821487, 0.231674, 51.7
75.8898, -122.663, 47.1897, 0, 0.107962, 0.0827542, 0.233824, 51.8
75.8342, -122.514, 47.634, 0, 0.109417, 0.0853026, 0.234019, 51.9
75.4831, -123.751, 46.6082, 0, 0.107039, 0.0831511, 0.231858, 52
76.3258, -125.216, 47.2356, 0, 0.105245, 0.0828301, 0.232139, 52.1
77.8631, -127.711, 49.2553, 0, 0.106913, 0.0882133, 0.240737, 52.2
79.4919, -128.267, 50.9903, 0, 0.104076, 0.0809288, 0.24299, 52.3
77.6523, -133.822, 49.1392, 0, 0.101824, 0.0847123, 0.248782, 52.4
79.1477, -131.001, 53.0519, 0, 0.100906, 0.0810338, 0.251625, 52.5
81.1484, -133.266, 55.8891, 0, 0.0992786, 0.0806474, 0.253706, 52.6
81.3218, -135.491, 56.0683, 0, 0.0940425, 0.0769308, 0.254739, 52.7
81.6572, -135.695, 57.4065, 0, 0.0911574, 0.0772847, 0.260528, 52.8
80.9325, -136.615, 57.0371, 0, 0.0870142, 0.0756116, 0.26276, 52.9
88.1518, -141.746, 67.6464, 0, 0.0832135, 0.0720548, 0.267787, 53
84.4263, -147.822, 64.8187, 0, 0.0788624, 0.0728707, 0.27824, 53.1
92.0425, -153.052, 79.0329, 0, 0.0718956, 0.0670999, 0.287329, 53.2
96.5705, -156.993, 90.5801, 0, 0.0628291, 0.0641309, 0.296348, 53.3
98.3057, -163.412, 91.0563, 0, 0.0541516, 0.0601171, 0.298032, 53.4
92.8052, -170.034, 85.3479, 0, 0.0455436, 0.0512922, 0.295772, 53.5
103.643, -166.569, 101.035, 0, 0.0405977, 0.0452583, 0.292039, 53.6
149.449, -179.1, 144.044, 0, 0.0267062, 0.0359366, 0.290853, 53.7
13.2402, 172.853, 10.2345, 0, 0.0135177, 0.0238647, 0.290965, 53.8
81.8211, 166.696, 78.9631, 0, 0.00426502, 0.015229, 0.285451, 53.9
78.5233, 163.784, 78.4932, 0, -0.00647621, 0.0128569, 0.287036, 54
63.4403, 163.371, 63.1683, 0, -0.0218042, 0.004787, 0.280091, 54.1
79.9795, 160.071, 80.7545, 0, -0.0293875, -0.00164428, 0.274913, 54.2
76.7785, 159.115, 77.7026, 0, -0.0341796, -0.00356255, 0.266402, 54.3
79.7739, 154.587, 79.8346, 0, -0.0455722, -0.00639269, 0.271312, 54.4
82.9392, 147.184, 85.426, 0, -0.0461329, -0.00856966, 0.264236, 54.5
78.4988, 144.166, 80.3862, 0, -0.057269, -0.0108256, 0.275195, 54.6
75.5053, 138.634, 80.3283, 0, -0.0534283, -0.0100851, 0.275335, 54.7
78.4016, 138.186, 82.5559, 0, -0.0563409, -0.00676092, 0.2676, 54.8
78.3309, 138.279, 82.0663, 0, -0.0652359, -0.00595109, 0.266591, 54.9
75.6768, 137.446, 79.8988, 0, -0.0699911, -0.00421724, 0.267162, 55
79.1501, 130.423, 86.3893, 0, -0.0636625, -0.00492204, 0.269705, 55.1
76.4279, 128.989, 85.5982, 0, -0.0648495, -0.00522753, 0.275272, 55.2
76.9607, 126.131, 85.5935, 0, -0.0631852, -0.00170007, 0.274228, 55.3
78.9176, 124.28, 86.5666, 0, -0.0668767, -0.000929437, 0.268518, 55.4
80.6069, 125.439, 89.0154, 0, -0.0674812, -0.00121504, 0.266446, 55.5
79.0876, 120.056, 87.6271, 0, -0.0678539, -0.00101242, 0.267342, 55.6
74.8454, 119.552, 85.0653, 0, -0.0683442, -0.00178247, 0.274083, 55.7
77.6598, 119.818, 87.6715, 0, -0.0641633, -0.00280186, 0.265605, 55.8
80.2406, 120.818, 89.3747, 0, -0.0678958, 0.00461879, 0.264558, 55.9
77.7558, 119.715, 86.972, 0, -0.0642864, 0.0011956, 0.264107, 56
78.7315, 119.189, 88.6133, 0, -0.0613473, 0.00310349, 0.261004, 56.1
79.4992, 119.31, 89.6306, 0, -0.0592731, 0.00381844, 0.259147, 56.2
78.4343, 117.858, 88.0118, 0, -0.0589811, 0.00210367, 0.257122, 56.3
79.2032, 120.153, 91.878, 0, -0.057144, 0.00185814, 0.259914, 56.4
77.6208, 117.79, 89.3193, 0, -0.0535642, -0.00101728, 0.258344, 56.5
77.5055, 119.022, 89.4976, 0, -0.0562878, 0.00287445, 0.261718, 56.6
79.2234, 118.815, 90.5915, 0, -0.0539774, -5.62727e-05, 0.26019, 56.7
79.7219, 119.615, 90.7813, 0, -0.0549793, 0.00191465, 0.257607, 56.8
79.8015, 121.136, 91.1377, 0, -0.0557373, 0.0066426, 0.260295, 56.9
79.8471, 120.46, 90.8326, 0, -0.0600674, 0.00160561, 0.261767, 57
76.9416, 120.833, 87.8261, 0, -0.062489, 0.00609768, 0.271396, 57.1
79.055, 121.108, 90.8938, 0, -0.0641966, 0.00415676, 0.270189, 57.2
79.4126, 122.445, 90.2772, 0, -0.0675174, 0.00538952, 0.279926, 57.3
79.7681, 121.451, 90.6071, 0, -0.0744411, 0.00418967, 0.274244, 57.4
79.214, 121.976, 90.0757, 0, -0.0793295, 0.00444564, 0.278122, 57.5
79.7209, 122.409, 90.6856, 0, -0.0839795, 0.00424783, 0.277052, 57.6
78.0429, 123.303, 88.4328, 0, -0.0903546, 0.00692229, 0.284233, 57.7
80.0768, 122.885, 90.5477, 0, -0.0946939, 0.00509589, 0.28402, 57.8
79.0958, 123.773, 90.2111, 0, -0.0984709, 0.00899946, 0.277902, 57.9
79.2821, 123.333, 89.8594, 0, -0.105355, 0.00552732, 0.286855, 58
78.5976, 123.82, 89.9213, 0, -0.107515, 0.00650566, 0.287321, 58.1
79.075, 123.763, 89.7481, 0, -0.109935, 0.00553261, 0.287953, 58.2
79.3837, 124.21, 90.3237, 0, -0.11078, 0.00575995, 0.28845, 58.3
78.8169, 123.389, 89.5914, 0, -0.11111, 0.00608199, 0.287584, 58.4
81.0425, 124.544, 92.4596, 0, -0.109363, 0.00589073, 0.28792, 58.5
78.6162, 122.985, 90.0702, 0, -0.110727, 0.00484261, 0.287279, 58.6
77.5193, 124.617, 89.4612, 0, -0.111911, 0.0011124, 0.292282, 58.7
75.754, 123.457, 88.4903, 0, -0.111251, 0.000387439, 0.292173, 58.8
74.2771, 123.233, 87.3123, 0, -0.11068, -0.00443007, 0.291022, 58.9
71.8672, 122.693, 85.7284, 0, -0.108694, -0.0127121, 0.288241, 59
69.1764, 123.804, 83.7565, 0, -0.110953, -0.0159595, 0.284701, 59.1
67.1224, 124.292, 79.9318, 0, -0.108703, -0.0266903, 0.280653, 59.2
64.0726, 130.692, 75.9669, 0, -0.111316, -0.0345175, 0.288246, 59.3