91.5588, -157.118, 89.8275, 0, 0.137573, -0.0473114, 0.349895, 0.074769
111.417, -161.659, 109.577, 0, 0.120858, -0.0510046, 0.328213, 0.14177
105.337, -161.101, 102.842, 0, 0.10965, -0.0511496, 0.318793, 0.208052
98.8412, -161.678, 96.4508, 0, 0.0946961, -0.0450195, 0.300637, 0.308191
97.2264, -162.179, 95.6537, 0, 0.0819162, -0.0387971, 0.289162, 0.408153
107.698, -164.284, 106.123, 0, 0.0660661, -0.0367869, 0.284065, 0.508235
104.009, -164.091, 101.575, 0, 0.0490427, -0.0387647, 0.277758, 0.60834
106.548, -164.781, 103.461, 0, 0.0340847, -0.0395217, 0.271326, 0.70866
107.211, -165.426, 103.224, 0, 0.0234404, -0.0406685, 0.268127, 0.808437
112.674, -166.727, 108.307, 0, 0.0144951, -0.0413564, 0.264023, 0.90805
117.628, -167.54, 113.558, 0, 0.00743141, -0.0409356, 0.260376, 1.00822
121.224, -167.806, 117.674, 0, 0.00403449, -0.0404357, 0.25868, 1.07469
126.068, -167.782, 123.13, 0, 0.00100238, -0.0382013, 0.257676, 1.17494
127.417, -167.641, 125.019, 0, -0.000973441, -0.0328607, 0.255926, 1.27458
126.469, -167.547, 124.529, 0, -0.00194339, -0.0289151, 0.254915, 1.34145
124.174, -167.635, 122.726, 0, -0.00394701, -0.0247654, 0.252278, 1.44147
119.64, -167.427, 118.639, 0, -0.00674677, -0.0213998, 0.251018, 1.54144
120.933, -167.272, 120.128, 0, -0.00855354, -0.0192304, 0.250645, 1.60805
121.172, -167.348, 120.408, 0, -0.0111999, -0.016129, 0.250302, 1.70821
122.177, -167.506, 121.418, 0, -0.012652, -0.013867, 0.25082, 1.77475
117.149, -167.635, 116.52, 0, -0.0147017, -0.00954806, 0.252298, 1.87486
115.319, -167.597, 114.927, 0, -0.0159742, -0.00609431, 0.252779, 1.94134
114.866, -167.461, 114.674, 0, -0.0169719, -0.0030309, 0.253274, 2.00809
114.13, -167.299, 114.145, 0, -0.0184271, 0.000553766, 0.254191, 2.10818
107.214, -167.979, 106.925, 0, -0.0205633, 0.00323338, 0.253944, 2.20821
103.82, -168.264, 103.149, 0, -0.0217904, 0.00461816, 0.252944, 2.27467
100.674, -168.521, 99.8189, 0, -0.022874, 0.00617198, 0.251903, 2.37507
100.236, -168.511, 99.4414, 0, -0.0234741, 0.00669509, 0.250359, 2.47462
98.7551, -168.8, 97.9827, 0, -0.0240184, 0.00679983, 0.24977, 2.54128
95.7663, -168.946, 95.0857, 0, -0.0251862, 0.00689278, 0.248853, 2.60802
94.7899, -169.269, 94.2013, 0, -0.0265683, 0.00678394, 0.247769, 2.70816
95.163, -169.228, 94.7054, 0, -0.0268701, 0.00699767, 0.248101, 2.80829
97.0009, -169.654, 96.6366, 0, -0.0266507, 0.00729106, 0.247913, 2.87488
96.8312, -169.076, 96.6716, 0, -0.0257191, 0.00748922, 0.248616, 2.97471
97.5637, -168.82, 97.6255, 0, -0.0246686, 0.00724846, 0.248494, 3.04133
96.0816, -168.288, 96.2892, 0, -0.0231224, 0.00709815, 0.24837, 3.10795
96.4746, -168.169, 97.081, 0, -0.0204483, 0.00671562, 0.247195, 3.20815
95.3584, -167.924, 96.1381, 0, -0.0169927, 0.00622597, 0.24611, 3.30821
96.8368, -167.595, 97.6828, 0, -0.0127998, 0.00565399, 0.245071, 3.40826
96.7526, -167.353, 97.4267, 0, -0.00880844, 0.00534198, 0.244392, 3.50794
99.1628, -167.432, 99.8223, 0, -0.00611059, 0.00433246, 0.243454, 3.60797
101.743, -166.986, 102.405, 0, -0.00484264, 0.0035889, 0.24416, 3.67464
102.625, -167.098, 103.267, 0, -0.00362657, 0.00334192, 0.244609, 3.77471
104.248, -166.833, 104.889, 0, -0.00277554, 0.00321087, 0.245543, 3.84123
104.347, -166.912, 104.768, 0, -0.00197919, 0.00286117, 0.245991, 3.94123
104.442, -166.416, 104.918, 0, -0.00182442, 0.00306621, 0.246856, 4.04133
105.634, -166.344, 106.288, 0, -0.00186824, 0.00296002, 0.247277, 4.10788
109.205, -166.082, 109.971, 0, -0.002193, 0.00296265, 0.247401, 4.20807
110.185, -166.039, 110.992, 0, -0.00256629, 0.00302226, 0.247298, 4.27471
111.365, -165.473, 112.32, 0, -0.00296211, 0.00337946, 0.248225, 4.37462
112.891, -165.28, 114.289, 0, -0.00285608, 0.00387243, 0.248616, 4.4414
113.58, -164.489, 115.835, 0, -0.00199271, 0.004253, 0.248879, 4.54142
113.186, -164.071, 116.094, 0, -0.0015082, 0.00437991, 0.248186, 4.60806
117.116, -162.775, 120.693, 0, -0.000929256, 0.0038308, 0.247809, 4.70837
120.152, -162.137, 124.142, 0, -0.000841541, 0.00276052, 0.248355, 4.77468
126.795, -160.587, 131.23, 0, -0.00120702, 2.0208e-05, 0.249134, 4.87474
131.68, -159.755, 136.338, 0, -0.00186996, -0.00251851, 0.249247, 4.94177
138.632, -157.258, 143.629, 0, -0.00321762, -0.00739186, 0.249302, 5.04131
143.939, -154.085, 149.145, 0, -0.00477152, -0.0130421, 0.249109, 5.14149
146.591, -151.612, 151.974, 0, -0.00567477, -0.0165067, 0.249094, 5.20803
149.741, -148.121, 155.125, 0, -0.00676242, -0.0210114, 0.249289, 5.30827
152.648, -144.057, 158.023, 0, -0.00742898, -0.0247041, 0.250052, 5.4082
154.671, -139.897, 159.854, 0, -0.00796699, -0.0277129, 0.251213, 5.50805
156.676, -135.265, 161.51, 0, -0.00858228, -0.0313112, 0.253285, 5.608
158.133, -133.337, 162.301, 0, -0.0100713, -0.0330694, 0.254356, 5.67474
159.452, -132.928, 162.548, 0, -0.0127612, -0.0333379, 0.254317, 5.7414
161.419, -132.831, 162.467, 0, -0.0170932, -0.0330209, 0.254752, 5.84137
162.364, -132.026, 162.62, 0, -0.0186999, -0.0333649, 0.255479, 5.90804
162.688, -130.331, 163.224, 0, -0.0194941, -0.034495, 0.256056, 6.00878
161.936, -129.957, 163.045, 0, -0.0196398, -0.0341595, 0.255622, 6.108
160.724, -130.3, 162.755, 0, -0.0190782, -0.0334093, 0.254762, 6.1749
158.125, -130.378, 162.445, 0, -0.0164571, -0.0320028, 0.253813, 6.27478
157.003, -130.134, 162.672, 0, -0.0145727, -0.0311107, 0.254799, 6.34137
156.402, -129.832, 163.11, 0, -0.0127192, -0.0303303, 0.256768, 6.44135
156.44, -128.791, 164.027, 0, -0.0114096, -0.0314232, 0.258099, 6.54135
156.873, -127.529, 164.661, 0, -0.0107145, -0.0332424, 0.258503, 6.60833
157.469, -126.9, 164.725, 0, -0.0108755, -0.0348523, 0.257848, 6.67464
158.485, -125.918, 164.17, 0, -0.0115669, -0.0361491, 0.255757, 6.77521
159.126, -126.369, 162.445, 0, -0.0118849, -0.0364389, 0.251795, 6.87495
159.369, -127.57, 161.317, 0, -0.0115494, -0.0362964, 0.24888, 6.9414
159.701, -128.661, 161.692, 0, -0.00941487, -0.0359532, 0.245096, 7.04146
159.469, -128.582, 162.186, 0, -0.00684915, -0.0356469, 0.243375, 7.10794
159.38, -128.471, 162.001, 0, -0.004342, -0.0354092, 0.241823, 7.17476
159.63, -128.632, 161.329, 0, -0.00289036, -0.0351694, 0.240565, 7.24137
160.449, -128.345, 160.815, 0, -0.00257975, -0.0353069, 0.239664, 7.30802
161.954, -128.22, 159.838, 0, -0.00348132, -0.0364119, 0.23887, 7.40809
163.372, -128.029, 159.131, 0, -0.00479625, -0.0379135, 0.237997, 7.50816
164.189, -128.01, 158.949, 0, -0.0053302, -0.0386019, 0.23728, 7.57464
164.975, -127.713, 158.7, 0, -0.00525245, -0.0396135, 0.23618, 7.67493
165.362, -126.549, 159.018, 0, -0.00460317, -0.0415483, 0.23591, 7.77473
165.426, -124.883, 159.784, 0, -0.00380717, -0.0431376, 0.236444, 7.84155
165.337, -123.528, 160.617, 0, -0.00331623, -0.0445866, 0.236905, 7.90794
165.149, -122.897, 161.261, 0, -0.00329813, -0.045285, 0.236948, 7.97497
164.924, -122.444, 161.64, 0, -0.00355882, -0.0456312, 0.236878, 8.04136
164.626, -122.197, 161.857, 0, -0.003827, -0.0452047, 0.237051, 8.10842
164.252, -122.181, 162.07, 0, -0.0042031, -0.0440892, 0.237678, 8.17492
163.962, -121.702, 162.437, 0, -0.00429574, -0.0425883, 0.23895, 8.24136
163.714, -121.133, 162.807, 0, -0.00440533, -0.0410539, 0.240425, 8.30835
163.682, -120.445, 163.33, 0, -0.00464879, -0.0400384, 0.242009, 8.37481
163.612, -119.674, 163.656, 0, -0.00502239, -0.0398931, 0.242724, 8.44155
163.676, -119.095, 164.042, 0, -0.00543196, -0.040575, 0.242626, 8.50825
163.617, -118.598, 164.425, 0, -0.00602811, -0.0420223, 0.241844, 8.57476
163.569, -118.177, 164.802, 0, -0.0064511, -0.0434484, 0.240751, 8.64146
163.426, -117.683, 165.114, 0, -0.00653425, -0.0447246, 0.239374, 8.70807
163.202, -117.353, 165.334, 0, -0.00657557, -0.045816, 0.23874, 8.77464
162.814, -116.961, 165.532, 0, -0.00616735, -0.0462963, 0.237847, 8.84163
162.609, -116.24, 165.94, 0, -0.00569808, -0.046918, 0.237767, 8.90802
162.517, -115.498, 166.458, 0, -0.00512115, -0.0476099, 0.238195, 8.97487
162.401, -115.045, 166.669, 0, -0.00483633, -0.0482831, 0.238096, 9.04134
162.269, -114.638, 166.94, 0, -0.00452989, -0.0490624, 0.238102, 9.10822
162.202, -114.216, 167.21, 0, -0.00421716, -0.0497262, 0.237777, 9.17468
162.069, -113.879, 167.464, 0, -0.00402936, -0.0507743, 0.237909, 9.24142
161.868, -113.866, 167.475, 0, -0.00400265, -0.0520956, 0.237042, 9.30805
161.843, -113.896, 167.439, 0, -0.00409133, -0.0531435, 0.235956, 9.37496
161.833, -113.957, 167.317, 0, -0.00421153, -0.054221, 0.23491, 9.4417
161.91, -114.038, 167.234, 0, -0.00427508, -0.055378, 0.233947, 9.50823
161.826, -114.107, 167.08, 0, -0.00405941, -0.0564378, 0.232519, 9.57486
161.738, -114.253, 166.974, 0, -0.00385596, -0.0573098, 0.231155, 9.64168
161.771, -114.228, 166.974, 0, -0.00379226, -0.0582275, 0.229944, 9.70808
161.714, -114.378, 166.79, 0, -0.00385288, -0.0593759, 0.22831, 9.77482
161.836, -114.438, 166.788, 0, -0.00394884, -0.0605609, 0.227621, 9.84157
161.916, -114.498, 166.772, 0, -0.0040592, -0.0615922, 0.226664, 9.90819
161.961, -114.593, 166.814, 0, -0.00423481, -0.0623869, 0.22568, 9.97467
161.748, -114.444, 166.762, 0, -0.00417791, -0.0631037, 0.224574, 10.0414
161.659, -114.227, 166.833, 0, -0.00388402, -0.0640257, 0.224019, 10.1085
161.565, -114.25, 166.892, 0, -0.00360145, -0.0646928, 0.223551, 10.1746
161.402, -114.147, 166.887, 0, -0.00349201, -0.0652731, 0.22301, 10.2413
161.398, -114.197, 166.873, 0, -0.00328207, -0.0658515, 0.222834, 10.3082
161.334, -114.082, 166.848, 0, -0.0032137, -0.066262, 0.222172, 10.3751
161.274, -114.073, 166.779, 0, -0.00308756, -0.0668664, 0.221373, 10.4414
161.206, -114.043, 166.866, 0, -0.00328918, -0.0677548, 0.221028, 10.5083
161.163, -114.006, 166.831, 0, -0.00314721, -0.068566, 0.22018, 10.5747
161.142, -113.983, 166.942, 0, -0.00320256, -0.0693603, 0.219651, 10.6417
160.96, -113.902, 166.847, 0, -0.00316321, -0.0700161, 0.218761, 10.7083
160.885, -113.842, 166.921, 0, -0.00299203, -0.0706614, 0.218694, 10.7747
160.776, -113.711, 167.019, 0, -0.00266803, -0.0711477, 0.21806, 10.8414
160.798, -113.278, 167.287, 0, -0.00232838, -0.0720202, 0.218253, 10.9082
160.83, -112.796, 167.534, 0, -0.00212023, -0.0727281, 0.218115, 10.975
160.778, -112.501, 167.666, 0, -0.00207459, -0.0730629, 0.217597, 11.0413
160.919, -112.353, 167.765, 0, -0.0019622, -0.0730526, 0.21806, 11.108
160.911, -111.666, 167.897, 0, -0.00169766, -0.0728171, 0.218234, 11.1747
161.006, -110.814, 168.206, 0, -0.00120609, -0.0729306, 0.21919, 11.2415
160.974, -109.848, 168.443, 0, -0.000617473, -0.0727194, 0.219585, 11.308
161.096, -109.023, 168.654, 0, -7.44823e-05, -0.0726571, 0.220654, 11.375
161.198, -108.352, 168.768, 0, 0.000346221, -0.072476, 0.221767, 11.4417
161.206, -107.78, 168.774, 0, 0.0006188, -0.0717741, 0.221937, 11.5082
161.307, -107.251, 168.898, 0, 0.00117067, -0.0712118, 0.222762, 11.5746
161.212, -106.545, 169.037, 0, 0.00167486, -0.0707659, 0.223133, 11.6414
161.355, -105.957, 169.256, 0, 0.0022462, -0.0708024, 0.224152, 11.7083
161.291, -105.392, 169.336, 0, 0.00246017, -0.0710565, 0.224889, 11.775
161.379, -104.813, 169.412, 0, 0.00277811, -0.0710902, 0.224879, 11.8414
161.274, -104.483, 169.219, 0, 0.00288895, -0.0714953, 0.224624, 11.9083
161.458, -103.938, 169.543, 0, 0.00318913, -0.0718711, 0.225088, 11.9749
161.452, -103.765, 169.477, 0, 0.00314183, -0.0725912, 0.224648, 12.0413
161.438, -103.42, 169.315, 0, 0.0032431, -0.072895, 0.223715, 12.1085
161.605, -103.255, 169.21, 0, 0.00356204, -0.0735596, 0.222991, 12.1749
161.674, -102.961, 169.13, 0, 0.00370408, -0.074023, 0.223033, 12.2418
161.664, -102.455, 168.951, 0, 0.00388028, -0.0742947, 0.223002, 12.308
161.711, -102.099, 168.472, 0, 0.00436012, -0.0745622, 0.222712, 12.3748
161.887, -101.478, 168.301, 0, 0.00434284, -0.0747401, 0.222768, 12.4414
162.002, -101.257, 167.747, 0, 0.00424311, -0.0750555, 0.22317, 12.5081
161.952, -101.142, 167.265, 0, 0.00370891, -0.0742002, 0.222399, 12.575
161.95, -100.946, 166.915, 0, 0.00322427, -0.0742288, 0.223402, 12.6415
161.837, -100.464, 166.625, 0, 0.00276737, -0.0737225, 0.223558, 12.7081
161.694, -100.522, 166.268, 0, 0.00252005, -0.0737048, 0.225167, 12.775
161.361, -100.983, 165.711, 0, 0.00184951, -0.0726135, 0.224904, 12.8414
161.077, -101.958, 164.856, 0, 0.00119799, -0.0712678, 0.225671, 12.9084
160.58, -102.955, 164.084, 0, 0.000320235, -0.069867, 0.225605, 12.9748
159.975, -103.84, 163.443, 0, -0.000129702, -0.0687166, 0.225868, 13.0416
159.462, -104.272, 163.064, 0, -0.000539993, -0.067946, 0.225902, 13.1085
158.903, -104.47, 162.894, 0, -0.000661013, -0.0678414, 0.225864, 13.1747
158.229, -104.567, 163.154, 0, -0.000773271, -0.0681324, 0.226326, 13.2417
157.364, -104.884, 163.473, 0, -0.000498906, -0.0686337, 0.226162, 13.3081
156.259, -105.15, 164.025, 0, -0.000489444, -0.0691959, 0.225968, 13.3747
155.184, -105.185, 164.652, 0, -8.2195e-05, -0.0697298, 0.225296, 13.4415
154.157, -105.199, 165.543, 0, 0.00016686, -0.0709156, 0.225645, 13.5083
153.021, -105.771, 166.152, 0, 0.000294394, -0.0718741, 0.225465, 13.5748
151.859, -106.044, 166.559, 0, 0.000858842, -0.0726933, 0.224744, 13.6414
150.99, -105.606, 167.274, 0, 0.00214505, -0.0734239, 0.224248, 13.7082
150.353, -105.26, 167.769, 0, 0.00321207, -0.0745052, 0.224853, 13.7749
150, -105.269, 167.95, 0, 0.00362589, -0.0747044, 0.225274, 13.8415
149.62, -105.397, 167.873, 0, 0.0034516, -0.0742734, 0.22501, 13.908
149.444, -105.535, 168.013, 0, 0.00321259, -0.0741082, 0.225586, 13.975
149.114, -105.755, 168.338, 0, 0.00309169, -0.0742924, 0.226015, 14.0415
148.706, -105.58, 168.889, 0, 0.00352226, -0.0748158, 0.226375, 14.1084
148.335, -105.515, 169.306, 0, 0.00399777, -0.0755963, 0.226207, 14.1749
147.852, -105.763, 169.629, 0, 0.00426387, -0.0760903, 0.225938, 14.2417
147.381, -105.724, 169.859, 0, 0.0047397, -0.0762896, 0.224844, 14.3085
146.964, -105.877, 170.11, 0, 0.00539862, -0.0762552, 0.224145, 14.3751
146.592, -106.05, 170.298, 0, 0.00587028, -0.0762101, 0.224361, 14.4418
146.531, -106.024, 170.523, 0, 0.00649715, -0.0763105, 0.224258, 14.5083
146.433, -106.325, 170.625, 0, 0.00691114, -0.0763511, 0.224058, 14.5749
146.347, -106.337, 170.867, 0, 0.00720709, -0.0765076, 0.223251, 14.6416
146.228, -106.405, 171.037, 0, 0.00761704, -0.0767078, 0.222085, 14.7084
146.059, -106.567, 171.138, 0, 0.00834723, -0.0769751, 0.221572, 14.7748
145.888, -106.588, 171.366, 0, 0.00908104, -0.0771445, 0.220695, 14.8414
145.662, -106.598, 171.219, 0, 0.00993702, -0.0770501, 0.219022, 14.9084
145.821, -106.557, 171.082, 0, 0.0105555, -0.0767316, 0.218442, 14.9749
146.072, -106.573, 171.002, 0, 0.011035, -0.0763105, 0.218046, 15.0416
146.502, -106.381, 170.994, 0, 0.0115729, -0.0758508, 0.217862, 15.1081
146.951, -106.46, 170.869, 0, 0.0118781, -0.0756044, 0.217298, 15.175
147.045, -106.916, 170.92, 0, 0.0122242, -0.0752832, 0.216475, 15.2417
146.566, -107.431, 171.172, 0, 0.0130559, -0.0747075, 0.214942, 15.3083
145.604, -107.866, 171.335, 0, 0.0146129, -0.07416, 0.213441, 15.3751
144.602, -107.981, 171.602, 0, 0.0162364, -0.0736573, 0.212877, 15.4414
143.688, -107.708, 171.708, 0, 0.0172765, -0.0729811, 0.212153, 15.5083
143.15, -107.695, 171.805, 0, 0.0170874, -0.0726416, 0.213654, 15.5753
142.635, -107.34, 171.731, 0, 0.0161294, -0.0723041, 0.215046, 15.6417
142.376, -106.848, 171.725, 0, 0.0144357, -0.0718776, 0.215393, 15.7083
142.185, -106.466, 171.602, 0, 0.0126036, -0.0723438, 0.216927, 15.775
142.189, -106.097, 171.469, 0, 0.010678, -0.0726913, 0.217017, 15.8415
142.216, -105.837, 171.386, 0, 0.00872632, -0.0730957, 0.217376, 15.9084
142.326, -105.417, 171.363, 0, 0.00712598, -0.0729071, 0.216892, 15.9749
142.325, -105.226, 171.35, 0, 0.00600445, -0.0728163, 0.217225, 16.0416
142.261, -105.085, 171.419, 0, 0.00540338, -0.0720319, 0.217133, 16.1082
141.942, -104.936, 171.586, 0, 0.00489143, -0.071607, 0.217848, 16.1747
141.743, -104.918, 171.781, 0, 0.00464784, -0.0707508, 0.218438, 16.2415
141.525, -104.673, 171.892, 0, 0.00381831, -0.0694815, 0.21907, 16.3083
141.114, -104.532, 171.796, 0, 0.00229179, -0.0681872, 0.221049, 16.376
140.968, -104.152, 172.081, 0, 0.000771583, -0.0672679, 0.223413, 16.4414
140.852, -103.626, 172.368, 0, -0.00100524, -0.0663539, 0.225677, 16.5085
140.75, -103.075, 172.565, 0, -0.00285259, -0.0663797, 0.227846, 16.5749
140.942, -101.779, 173.375, 0, -0.00384622, -0.0672584, 0.229202, 16.6418
140.989, -101.099, 173.941, 0, -0.00549232, -0.0696268, 0.231703, 16.7083
141.41, -100.733, 173.982, 0, -0.00728665, -0.0711158, 0.230953, 16.7748
141.711, -100.45, 173.975, 0, -0.00875768, -0.0722884, 0.230571, 16.8416
142.15, -100.063, 174.242, 0, -0.0095361, -0.0738448, 0.229896, 16.9082
142.571, -99.5854, 174.589, 0, -0.00957877, -0.0757958, 0.229835, 16.9747
142.704, -99.0348, 174.797, 0, -0.00953791, -0.0773995, 0.228546, 17.0414
142.875, -98.5393, 175.103, 0, -0.00959515, -0.078572, 0.227527, 17.1081
143.198, -97.8603, 175.469, 0, -0.00898142, -0.079222, 0.226771, 17.1747
143.371, -97.4675, 175.72, 0, -0.00857003, -0.0798409, 0.226364, 17.2415
143.291, -97.1036, 175.826, 0, -0.00853071, -0.0805659, 0.226309, 17.3082
143.332, -96.7501, 175.891, 0, -0.00858518, -0.0808116, 0.225778, 17.3751
143.437, -96.6633, 175.971, 0, -0.00835412, -0.08065, 0.226016, 17.4414
143.486, -96.4518, 175.91, 0, -0.00792186, -0.0805204, 0.226077, 17.5083
143.553, -96.323, 175.992, 0, -0.00761241, -0.0802068, 0.226191, 17.5747
143.759, -95.6093, 176.432, 0, -0.00669525, -0.0805329, 0.22629, 17.6416
143.868, -95.3579, 176.771, 0, -0.00623574, -0.0811397, 0.226672, 17.708
143.792, -94.9566, 176.973, 0, -0.00575194, -0.0812793, 0.225898, 17.7749
143.912, -94.4482, 177.208, 0, -0.00570499, -0.0813222, 0.22517, 17.8416
143.785, -94.2865, 177.252, 0, -0.00573378, -0.0813142, 0.224745, 17.9081
143.975, -93.8892, 177.746, 0, -0.00542301, -0.081374, 0.224924, 17.9748
143.81, -94.0632, 177.595, 0, -0.00567433, -0.081242, 0.224997, 18.0416
143.923, -94.2731, 177.372, 0, -0.00556689, -0.0813541, 0.225748, 18.1081
143.996, -94.3486, 177.213, 0, -0.00519442, -0.0806083, 0.225279, 18.1747
144.286, -94.9626, 176.827, 0, -0.00522026, -0.0802651, 0.225385, 18.2414
144.32, -96.7156, 175.623, 0, -0.0053683, -0.0783895, 0.224265, 18.3081
144.362, -98.8003, 174.284, 0, -0.00504115, -0.0759969, 0.222978, 18.3755
144.274, -100.197, 173.39, 0, -0.00402651, -0.0739602, 0.222367, 18.4414
144.1, -101.24, 172.93, 0, -0.00263438, -0.072484, 0.222534, 18.5081
143.965, -102.645, 172.442, 0, -0.00159958, -0.0697558, 0.222515, 18.5747
143.962, -104.069, 171.725, 0, -0.00159869, -0.0667515, 0.222345, 18.6416
143.925, -105.455, 170.733, 0, -0.00159773, -0.0645758, 0.222367, 18.7081
143.987, -106.467, 170.098, 0, -0.00184593, -0.0626119, 0.221977, 18.7749
143.96, -107.828, 169.331, 0, -0.00233578, -0.061199, 0.222104, 18.8416
143.887, -109.048, 168.445, 0, -0.00264601, -0.0597653, 0.221371, 18.9083
143.81, -109.926, 167.582, 0, -0.00278238, -0.0590487, 0.220679, 18.9747
143.907, -110.642, 166.909, 0, -0.00274015, -0.0589696, 0.22002, 19.0414
143.828, -111.727, 166.019, 0, -0.0028154, -0.0589584, 0.218939, 19.1081
143.755, -112.989, 165.366, 0, -0.00298265, -0.0587975, 0.217316, 19.1747
143.461, -114.103, 164.468, 0, -0.00327361, -0.0590503, 0.215061, 19.2413
143.41, -114.884, 163.968, 0, -0.00352513, -0.059896, 0.214013, 19.3083
143.241, -115.864, 163.365, 0, -0.00418478, -0.0607137, 0.212434, 19.3749
142.917, -117.108, 162.49, 0, -0.00525643, -0.0610165, 0.210696, 19.4419
142.562, -118.201, 161.685, 0, -0.00631539, -0.0608698, 0.209143, 19.5081
142.235, -119.341, 160.79, 0, -0.00726749, -0.0606534, 0.208042, 19.5747
141.995, -120.196, 160.038, 0, -0.00800328, -0.0600682, 0.206945, 19.6414
141.847, -120.846, 159.531, 0, -0.00855589, -0.0595076, 0.206602, 19.7079
141.656, -121.454, 158.929, 0, -0.00908939, -0.058731, 0.205631, 19.7749
141.631, -121.855, 158.569, 0, -0.00939359, -0.0581783, 0.204939, 19.8417
141.45, -122.629, 158.069, 0, -0.0100278, -0.0577222, 0.204527, 19.9082
141.159, -123.442, 157.265, 0, -0.0108523, -0.0573099, 0.2037, 19.9751
140.975, -124.155, 156.552, 0, -0.0116497, -0.0569528, 0.20335, 20.0413
140.726, -125.034, 155.953, 0, -0.0125035, -0.0564354, 0.203116, 20.1081
140.453, -125.614, 155.443, 0, -0.0133175, -0.0559926, 0.203074, 20.175
140.247, -126.312, 155.058, 0, -0.0141047, -0.0556484, 0.203561, 20.2416
140.21, -126.547, 154.874, 0, -0.0147605, -0.0554187, 0.203996, 20.3087
140.501, -126.17, 155.268, 0, -0.0151756, -0.0558242, 0.205529, 20.3751
140.732, -125.868, 155.675, 0, -0.0157187, -0.0562538, 0.206837, 20.4414
140.747, -125.932, 155.738, 0, -0.0165275, -0.0560294, 0.208013, 20.5083
140.921, -125.653, 156.028, 0, -0.0168768, -0.056169, 0.209038, 20.575
140.986, -125.493, 156.105, 0, -0.0171114, -0.0563864, 0.20988, 20.6416
141.095, -125.507, 156.209, 0, -0.0174003, -0.0569298, 0.210923, 20.7084
141.324, -125.258, 156.357, 0, -0.0173734, -0.0574147, 0.21175, 20.775
141.507, -125.279, 156.469, 0, -0.0175333, -0.0580497, 0.21274, 20.8414
141.829, -124.936, 156.801, 0, -0.0173964, -0.0589353, 0.213883, 20.9083
142.146, -124.733, 157.275, 0, -0.0172585, -0.0597623, 0.21475, 20.9752
142.291, -124.397, 157.537, 0, -0.0170701, -0.0603115, 0.215336, 21.0418
142.453, -124.09, 157.729, 0, -0.0166531, -0.0611034, 0.21581, 21.1083
142.457, -123.955, 157.68, 0, -0.0158232, -0.0620576, 0.216084, 21.175
142.335, -123.713, 157.69, 0, -0.0142613, -0.0628358, 0.216412, 21.2413
142.178, -123.138, 157.967, 0, -0.0122049, -0.0634208, 0.21668, 21.3081
141.562, -123.007, 157.756, 0, -0.0100628, -0.0633989, 0.217376, 21.3749
140.984, -122.997, 157.764, 0, -0.00805014, -0.0625859, 0.218223, 21.4415
140.391, -122.821, 157.976, 0, -0.00598718, -0.0617341, 0.219677, 21.5081
139.795, -122.67, 158.111, 0, -0.00402724, -0.06114, 0.220768, 21.5746
139.15, -122.613, 158.26, 0, -0.00233363, -0.0608766, 0.22172, 21.6422
138.477, -122.677, 158.444, 0, -0.000983128, -0.0606487, 0.222569, 21.7082
137.753, -122.897, 158.547, 0, 0.000505998, -0.060476, 0.22338, 21.7751
137.051, -123.016, 158.536, 0, 0.00236944, -0.0601114, 0.224012, 21.8413
136.442, -123.045, 158.441, 0, 0.00413086, -0.0596596, 0.225038, 21.9083
136.012, -122.857, 158.499, 0, 0.00573014, -0.0589695, 0.226489, 21.9751
135.658, -122.827, 158.538, 0, 0.00703206, -0.0583853, 0.227696, 22.0416
135.364, -122.797, 158.567, 0, 0.00782712, -0.0576952, 0.228147, 22.1083
135.434, -122.666, 158.667, 0, 0.00841405, -0.0573259, 0.228962, 22.1747
135.646, -122.981, 158.488, 0, 0.00833352, -0.0563951, 0.229586, 22.2413
135.956, -123.861, 157.982, 0, 0.00775172, -0.0540226, 0.229921, 22.3081
136.349, -125.126, 157.185, 0, 0.00729576, -0.0500855, 0.231496, 22.3748
137.252, -125.202, 157.242, 0, 0.00762673, -0.0465646, 0.233528, 22.4414
138.174, -124.976, 157.697, 0, 0.00848431, -0.0445763, 0.234846, 22.5087
138.67, -125.348, 157.627, 0, 0.00881405, -0.0434007, 0.236028, 22.575
139.017, -127.484, 156.191, 0, 0.00815358, -0.038704, 0.236812, 22.675
138.562, -130.077, 153.932, 0, 0.00693608, -0.0334384, 0.236988, 22.7413
137.606, -132.445, 151.562, 0, 0.00552258, -0.0280669, 0.236318, 22.8081
136.159, -134.997, 149.382, 0, 0.005015, -0.0207742, 0.237422, 22.9082
135.112, -136.425, 148.038, 0, 0.00501249, -0.0161165, 0.238282, 22.9747
133.496, -138.31, 145.805, 0, 0.004473, -0.0102963, 0.239708, 23.0747
131.622, -139.667, 143.331, 0, 0.00361968, -0.00826805, 0.239394, 23.1747
130.992, -140.004, 142.419, 0, 0.00292137, -0.00985843, 0.238338, 23.2413
130.695, -139.746, 142.765, 0, 0.00216972, -0.0152936, 0.237135, 23.3414
130.974, -139.188, 143.643, 0, 0.00142912, -0.0192886, 0.23563, 23.4081
133.834, -137.947, 146.242, 0, -0.000508807, -0.0261489, 0.234909, 23.5082
135.866, -137.726, 147.68, 0, -0.00267297, -0.0306743, 0.233775, 23.5748
138.134, -137.718, 149.381, 0, -0.00587182, -0.0381814, 0.231293, 23.6747
139.705, -137.191, 150.816, 0, -0.00745741, -0.0428968, 0.230068, 23.7413
140.615, -137.224, 151.485, 0, -0.00943801, -0.0450123, 0.229205, 23.8418
139.147, -138.704, 149.996, 0, -0.0106039, -0.0425809, 0.228846, 23.9081
133.214, -142.788, 144.531, 0, -0.0114082, -0.032963, 0.230102, 24.0086
124.41, -145.805, 135.979, 0, -0.0113853, -0.0193093, 0.232143, 24.1081
121.085, -145.314, 133.255, 0, -0.00782193, -0.00670643, 0.238748, 24.208
116.474, -147.976, 128.391, 0, -0.00744426, 0.00889084, 0.243655, 24.3082
112.816, -149.131, 122.362, 0, -0.00813485, 0.0188825, 0.243996, 24.4083
107.195, -151.456, 115.098, 0, -0.00892398, 0.024161, 0.241464, 24.5084
98.135, -153.711, 104.158, 0, -0.0114548, 0.0296725, 0.239704, 24.6086
86.9181, -154.928, 91.2541, 0, -0.0138633, 0.035881, 0.237998, 24.7083
73.0528, -153.83, 76.5107, 0, -0.0149527, 0.0407497, 0.23557, 24.8081
66.4324, -152.545, 69.4352, 0, -0.01545, 0.0430538, 0.235447, 24.8751
62.4802, -151.717, 64.8737, 0, -0.0158612, 0.0454144, 0.234991, 24.942
56.5158, -150.328, 57.8286, 0, -0.0164036, 0.0483151, 0.235111, 25.0416
53.3759, -149.219, 53.9021, 0, -0.0165582, 0.0499974, 0.235635, 25.1083
49.7503, -148.165, 49.1675, 0, -0.0174803, 0.0514937, 0.235441, 25.1749
45.9137, -146.747, 44.2348, 0, -0.0187082, 0.0526716, 0.234871, 25.2416
42.4046, -145.308, 40.0838, 0, -0.0201878, 0.0538041, 0.234384, 25.3083
40.1193, -143.755, 37.7104, 0, -0.0213312, 0.0547618, 0.233594, 25.3755
38.4514, -142.043, 35.9077, 0, -0.0222512, 0.0559372, 0.233244, 25.4417
36.7259, -140.618, 33.8048, 0, -0.023503, 0.0564207, 0.232559, 25.5084
35.2004, -139.53, 31.7503, 0, -0.0251336, 0.0568608, 0.232482, 25.6083
35.0475, -139.672, 31.1538, 0, -0.0262683, 0.0570842, 0.232459, 25.6746
34.3007, -139.242, 30.0832, 0, -0.0275281, 0.0568918, 0.232766, 25.7413
33.6147, -138.752, 29.1928, 0, -0.028656, 0.0567632, 0.232666, 25.8079
33.1851, -138.652, 28.4356, 0, -0.0295484, 0.0567428, 0.232502, 25.8748
32.8273, -138.638, 27.6727, 0, -0.0304456, 0.0569864, 0.232995, 25.9412
32.892, -139.376, 27.592, 0, -0.0312205, 0.0573608, 0.233878, 26.0082
33.095, -140.122, 27.8876, 0, -0.0321796, 0.0573735, 0.235266, 26.0749
33.5166, -140.569, 28.0677, 0, -0.0339227, 0.0574092, 0.236663, 26.1413
34.9637, -141.652, 29.2717, 0, -0.0357088, 0.0571009, 0.238011, 26.208
36.5122, -142.653, 30.6625, 0, -0.0372054, 0.0565558, 0.238761, 26.2748
37.0205, -142.888, 30.9188, 0, -0.0383792, 0.0558857, 0.239065, 26.3413
37.1175, -143.069, 31.0408, 0, -0.0390019, 0.0554107, 0.239069, 26.408
37.3947, -143.472, 31.2908, 0, -0.0390461, 0.055649, 0.237846, 26.4747
36.8081, -142.893, 30.5673, 0, -0.0387506, 0.0556507, 0.236077, 26.5415
36.5648, -142.661, 30.2417, 0, -0.0378768, 0.0554733, 0.234727, 26.6079
36.0448, -142.482, 29.5147, 0, -0.0370598, 0.0554973, 0.234336, 26.6748
35.1834, -142.342, 28.387, 0, -0.0363393, 0.0555009, 0.234293, 26.7416
33.8174, -142.05, 26.7691, 0, -0.0357289, 0.0552327, 0.234255, 26.808
32.5947, -142.096, 25.322, 0, -0.0349946, 0.0546077, 0.234333, 26.8751
31.0331, -142.048, 23.6175, 0, -0.0340748, 0.0533813, 0.234592, 26.9416
29.5463, -142.595, 22.0706, 0, -0.0330486, 0.0511595, 0.235562, 27.0084
28.2557, -142.744, 20.7957, 0, -0.0314844, 0.0481022, 0.236566, 27.0748
26.3907, -142.799, 19.077, 0, -0.0300048, 0.0450098, 0.237808, 27.1414
24.3946, -143.081, 17.486, 0, -0.0281985, 0.0422446, 0.238443, 27.2081
22.4525, -143.241, 16.0201, 0, -0.0264181, 0.0400193, 0.238805, 27.2749
20.6032, -142.815, 14.4819, 0, -0.0256461, 0.038414, 0.238519, 27.3417
18.8395, -142.446, 13.1548, 0, -0.0254323, 0.0369772, 0.238908, 27.4082
17.2175, -142.227, 11.9229, 0, -0.0253382, 0.0359206, 0.239518, 27.4749
14.8398, -142.078, 9.78745, 0, -0.0249364, 0.0357649, 0.240869, 27.5746
13.2251, -142.279, 8.36521, 0, -0.0241816, 0.0361237, 0.24172, 27.6414
11.7968, -142.442, 7.20131, 0, -0.0232043, 0.036204, 0.242161, 27.7081
9.80418, -142.638, 5.65086, 0, -0.0217378, 0.0358319, 0.242653, 27.8081
8.70866, -144.058, 5.18002, 0, -0.0208221, 0.0358051, 0.24328, 27.9084
8.08304, -145.032, 4.83767, 0, -0.0202659, 0.0359858, 0.243498, 27.9751
7.65964, -146.026, 4.58056, 0, -0.0199457, 0.0365904, 0.243614, 28.0413
7.16584, -147.258, 4.22389, 0, -0.0198447, 0.0372598, 0.243044, 28.108
6.84444, -148.021, 4.03953, 0, -0.0196129, 0.0380637, 0.242312, 28.175
6.56807, -148.582, 3.89872, 0, -0.0192667, 0.0389956, 0.241364, 28.2415
6.36622, -149.123, 3.83124, 0, -0.018981, 0.0402063, 0.240031, 28.3081
6.45729, -149.415, 4.05226, 0, -0.0182959, 0.0416778, 0.238552, 28.3748
6.8095, -149.717, 4.59243, 0, -0.0173351, 0.0435011, 0.237032, 28.4413
6.94745, -149.724, 4.82048, 0, -0.0161782, 0.0457702, 0.235868, 28.5086
7.05775, -149.913, 5.02086, 0, -0.0147315, 0.0482346, 0.234612, 28.5749
7.33112, -150.19, 5.38242, 0, -0.013042, 0.0511674, 0.23443, 28.6415
7.17378, -150.483, 5.25446, 0, -0.0112293, 0.0540884, 0.234099, 28.7083
6.97182, -150.683, 5.13313, 0, -0.00933906, 0.05685, 0.23352, 28.7747
7.29002, -150.843, 5.58879, 0, -0.00762516, 0.0596993, 0.233006, 28.8414
7.49559, -151.079, 5.85663, 0, -0.00629178, 0.0625003, 0.232518, 28.9081
8.42359, -151.01, 6.96606, 0, -0.00518101, 0.0652428, 0.232381, 28.9749
8.28552, -151.448, 6.88502, 0, -0.00428609, 0.0675026, 0.231494, 29.0417
7.83767, -151.531, 6.27789, 0, -0.00374661, 0.0697363, 0.231192, 29.1085
9.16586, -151.533, 7.79121, 0, -0.00340895, 0.0720251, 0.23071, 29.175
9.54001, -151.66, 8.12032, 0, -0.00360474, 0.0740778, 0.230497, 29.2417
9.93365, -151.771, 8.42482, 0, -0.00393364, 0.0759189, 0.230085, 29.3084
10.6138, -151.853, 9.19025, 0, -0.00399176, 0.0774567, 0.230251, 29.3752
10.4708, -151.839, 9.01975, 0, -0.00423442, 0.0787114, 0.229969, 29.4415
10.0307, -151.723, 8.57514, 0, -0.00436449, 0.0797476, 0.229721, 29.5082
10.1434, -151.858, 8.64755, 0, -0.00452926, 0.0808091, 0.22973, 29.5746
9.88289, -151.569, 8.24485, 0, -0.00473452, 0.0819398, 0.229684, 29.6415
9.69669, -151.172, 7.87995, 0, -0.00479397, 0.0828739, 0.229191, 29.7083
9.86069, -150.633, 7.87282, 0, -0.00480758, 0.0839115, 0.228707, 29.7747
9.48301, -149.766, 7.2902, 0, -0.0049935, 0.0847331, 0.228175, 29.8414
8.9106, -148.747, 6.50254, 0, -0.00515424, 0.0852825, 0.228072, 29.9084
9.1391, -147.551, 6.71053, 0, -0.00534211, 0.0849928, 0.228458, 29.975
8.96865, -146.33, 6.36215, 0, -0.00560723, 0.0841758, 0.229536, 30.0414
8.83017, -145.068, 6.1025, 0, -0.00565175, 0.0829967, 0.231423, 30.108
8.35168, -144.394, 5.29595, 0, -0.00588153, 0.082318, 0.234021, 30.1747
8.5684, -143.609, 5.3684, 0, -0.00634154, 0.0818287, 0.237148, 30.2415
8.85675, -143.238, 5.39096, 0, -0.00710799, 0.0811122, 0.239979, 30.3083
9.38848, -142.361, 5.58409, 0, -0.0080568, 0.0799868, 0.242711, 30.3751
9.88241, -141.296, 5.80928, 0, -0.00921549, 0.0784133, 0.244633, 30.4413
10.2634, -140.816, 6.00625, 0, -0.0103048, 0.0772589, 0.246364, 30.5091
9.93873, -140.202, 5.41147, 0, -0.0112671, 0.0764149, 0.247539, 30.5747
9.40067, -139.583, 4.68776, 0, -0.0118, 0.0755222, 0.248306, 30.6418
9.22537, -139.111, 4.44497, 0, -0.0121541, 0.0748237, 0.248678, 30.7081
9.21263, -138.566, 4.36687, 0, -0.0125354, 0.074275, 0.248765, 30.7747
8.88261, -137.701, 3.97469, 0, -0.0128163, 0.0737016, 0.248243, 30.8414
8.53539, -137.012, 3.5856, 0, -0.0129369, 0.0732285, 0.247674, 30.9081
8.57791, -136.768, 3.7463, 0, -0.0129399, 0.0736712, 0.247277, 30.9749
8.59405, -136.738, 3.86839, 0, -0.0129243, 0.0745416, 0.2467, 31.0414
8.51736, -136.631, 3.92971, 0, -0.0128161, 0.0755331, 0.24618, 31.1081
8.34723, -136.218, 3.90058, 0, -0.0127588, 0.0760821, 0.245623, 31.1751
8.62304, -136.013, 4.51275, 0, -0.012907, 0.0768233, 0.245291, 31.2414
8.49685, -135.336, 4.58884, 0, -0.0132484, 0.0770862, 0.24429, 31.308
8.3358, -134.435, 4.68739, 0, -0.0135156, 0.077141, 0.243809, 31.3749
8.37556, -133.812, 4.87896, 0, -0.0138408, 0.0775492, 0.244044, 31.4413
8.39589, -133.418, 4.98567, 0, -0.0141839, 0.0782536, 0.243754, 31.5083
8.76135, -132.776, 5.38355, 0, -0.0143537, 0.0790507, 0.244029, 31.5748
9.077, -132.181, 5.71337, 0, -0.0142426, 0.0796047, 0.244592, 31.6414
9.49072, -132.257, 6.28394, 0, -0.014099, 0.0806267, 0.246097, 31.7084
9.46987, -132.858, 6.27914, 0, -0.01385, 0.0817269, 0.24729, 31.7749
9.61405, -133.096, 6.42231, 0, -0.0138535, 0.0826621, 0.248515, 31.8414
9.65893, -133.375, 6.45615, 0, -0.0139075, 0.082835, 0.249549, 31.9083
9.96885, -133.473, 6.86629, 0, -0.0140326, 0.0824566, 0.250005, 31.975
10.1044, -133.748, 7.01079, 0, -0.0144939, 0.0820364, 0.249923, 32.042
10.1614, -134.246, 7.24965, 0, -0.0148315, 0.0813028, 0.250094, 32.1081
10.0798, -134.822, 7.18237, 0, -0.0154055, 0.0808479, 0.250529, 32.1749
10.1569, -135.076, 7.62068, 0, -0.015615, 0.0799434, 0.250254, 32.2414
10.2501, -135.995, 7.85302, 0, -0.0160319, 0.079643, 0.250783, 32.3088
10.3352, -136.431, 8.29255, 0, -0.0161163, 0.0789812, 0.25121, 32.3755
10.4346, -137.288, 8.74716, 0, -0.0160976, 0.0787131, 0.25188, 32.4415
10.6196, -137.949, 9.15647, 0, -0.015836, 0.0785742, 0.2523, 32.5081
10.8497, -138.343, 9.63362, 0, -0.0155274, 0.0784484, 0.252971, 32.5747
11.483, -139.143, 10.7433, 0, -0.0148889, 0.0781649, 0.253392, 32.6413
12.5188, -139.729, 12.2462, 0, -0.014169, 0.0778325, 0.253874, 32.7083
13.0036, -140.048, 13.1579, 0, -0.0132925, 0.0775965, 0.25512, 32.7748
13.6513, -139.937, 14.2005, 0, -0.0119557, 0.0769504, 0.255707, 32.8417
13.889, -139.999, 13.4654, 0, -0.011089, 0.07573, 0.255227, 32.9085
14.5958, -140.572, 12.9365, 0, -0.00932519, 0.0728132, 0.254448, 32.9753
15.3905, -141.598, 12.6067, 0, -0.00668823, 0.0672095, 0.252613, 33.0415
15.7871, -141.712, 12.1149, 0, -0.00475372, 0.061694, 0.251062, 33.1085
16.9009, -142.145, 13.1436, 0, -0.00343647, 0.0577308, 0.251101, 33.1749
19.3878, -142.781, 15.9946, 0, -0.0017863, 0.0553462, 0.250234, 33.2416
22.7523, -142.52, 20.324, 0, 0.00101456, 0.0541409, 0.250399, 33.3085
26.6698, -142.418, 25.7493, 0, 0.00517994, 0.0539828, 0.25117, 33.3754
29.9161, -141.38, 30.7833, 0, 0.00931779, 0.0548421, 0.252052, 33.4417
32.9202, -140.389, 36.9786, 0, 0.0159287, 0.0558586, 0.252659, 33.5413
33.7751, -139.898, 40.0022, 0, 0.0204875, 0.0556992, 0.25317, 33.608
34.1993, -139.542, 41.1146, 0, 0.023241, 0.0547397, 0.252924, 33.6747
35.6467, -139.881, 40.6926, 0, 0.0239258, 0.0538104, 0.252152, 33.7414
39.6239, -141.251, 39.8651, 0, 0.0216293, 0.0526366, 0.252132, 33.8414
41.7214, -143.011, 38.8734, 0, 0.0178992, 0.0502558, 0.252799, 33.908
41.9897, -144.497, 36.1864, 0, 0.012614, 0.0472312, 0.252255, 33.9751
40.3066, -145.621, 32.1206, 0, 0.00643664, 0.0452741, 0.251557, 34.0414
35.8291, -145.977, 26.4627, 0, 0.00134134, 0.043665, 0.249765, 34.1082
32.9019, -145.575, 23.6457, 0, -0.00110271, 0.0422517, 0.249292, 34.1749
32.15, -145.002, 23.2592, 0, -0.000698973, 0.0405174, 0.248193, 34.2415
31.7502, -143.401, 23.5925, 0, 0.00184667, 0.0386102, 0.247699, 34.308
32.4603, -142.541, 25.5023, 0, 0.00596091, 0.0372761, 0.247445, 34.3746
34.7063, -142.678, 29.2873, 0, 0.0110034, 0.0368668, 0.247327, 34.4414
38.3952, -141.707, 35.0495, 0, 0.0168525, 0.0374656, 0.249207, 34.5414
42.0656, -141.203, 38.6038, 0, 0.0208217, 0.0379782, 0.250313, 34.6414
42.9472, -141.638, 37.3999, 0, 0.0221297, 0.0380582, 0.250922, 34.7081
44.882, -143.773, 35.9228, 0, 0.0244432, 0.0371464, 0.250713, 34.8081
48.4906, -144.913, 38.2422, 0, 0.0271973, 0.0362209, 0.250769, 34.8747
53.6712, -142.158, 45.0328, 0, 0.0325316, 0.0337914, 0.252999, 34.9749
57.7936, -138.972, 52.0337, 0, 0.0377742, 0.0336961, 0.254969, 35.0414
60.8432, -135.434, 57.7521, 0, 0.0442404, 0.0346239, 0.25616, 35.1081
62.8802, -129.936, 61.247, 0, 0.0534283, 0.0354952, 0.255134, 35.2083
63.5392, -127.603, 62.1003, 0, 0.0580204, 0.0353001, 0.253712, 35.2748
64.757, -126.07, 64.0262, 0, 0.0620612, 0.0350726, 0.252344, 35.3414
65.9511, -124.971, 65.805, 0, 0.0658258, 0.0352934, 0.251791, 35.4083
68.3231, -124, 66.4635, 0, 0.0688956, 0.0344162, 0.251123, 35.5083
69.7199, -123.64, 66.441, 0, 0.0699975, 0.0330701, 0.251723, 35.5752
70.9509, -123.557, 66.8703, 0, 0.0707137, 0.0317016, 0.251403, 35.6417
69.8176, -123.155, 65.4288, 0, 0.0720753, 0.0293736, 0.251433, 35.742
68.6086, -123.242, 65.1207, 0, 0.0743879, 0.0274127, 0.251984, 35.8084
65.8468, -122.51, 64.6536, 0, 0.0791853, 0.0241332, 0.254139, 35.9085
63.6922, -122.353, 65.4156, 0, 0.0817656, 0.0235982, 0.255527, 35.9755
61.8814, -122.458, 67.04, 0, 0.084254, 0.0243775, 0.255492, 36.0417
60.6857, -122.961, 69.0182, 0, 0.0869448, 0.0260002, 0.254724, 36.1086
59.8157, -123.409, 70.5547, 0, 0.0892847, 0.0276422, 0.253187, 36.175
58.9638, -123.689, 71.3531, 0, 0.0905339, 0.0286504, 0.251602, 36.242
58.0758, -123.611, 71.5626, 0, 0.0910826, 0.0288232, 0.250371, 36.3084
57.4534, -123.498, 72.1699, 0, 0.091638, 0.0285139, 0.249864, 36.3751
57.299, -123.265, 73.1194, 0, 0.0923965, 0.0277656, 0.249558, 36.4419
57.3974, -122.716, 73.8926, 0, 0.0935315, 0.0265817, 0.249528, 36.5083
57.9334, -122.299, 75.2085, 0, 0.0954012, 0.0251427, 0.249557, 36.5747
58.9613, -121.903, 78.3712, 0, 0.0996652, 0.023855, 0.25142, 36.6749
59.7106, -121.711, 80.9, 0, 0.102474, 0.024287, 0.252247, 36.7414
61.3299, -122.294, 84.9936, 0, 0.106724, 0.0268039, 0.252913, 36.8413
62.2023, -122.489, 86.7392, 0, 0.109367, 0.0282526, 0.253174, 36.9079
63.0321, -123.061, 88.569, 0, 0.111221, 0.029425, 0.252745, 36.9749
63.6547, -123.43, 90.3327, 0, 0.113214, 0.0305103, 0.253576, 37.0413
64.3518, -123.82, 92.2727, 0, 0.114738, 0.0314772, 0.254092, 37.108
65.481, -124.94, 95.2265, 0, 0.1168, 0.0327474, 0.254825, 37.208
65.1637, -125.227, 94.8549, 0, 0.116833, 0.034176, 0.255209, 37.2747
64.1658, -125.581, 92.4832, 0, 0.115434, 0.036494, 0.254842, 37.3412
62.72, -126.742, 88.9965, 0, 0.113919, 0.0384856, 0.253915, 37.4081
61.1913, -128.492, 85.7794, 0, 0.113058, 0.0391848, 0.252289, 37.4748
58.0602, -130.544, 80.1401, 0, 0.112801, 0.0388952, 0.25071, 37.5748
56.072, -131.41, 75.2227, 0, 0.111997, 0.0385508, 0.250015, 37.6414
53.863, -131.021, 69.6331, 0, 0.110304, 0.0386139, 0.249518, 37.7083
51.8075, -131.373, 65.0426, 0, 0.108082, 0.0389653, 0.249678, 37.7748
50.7148, -132.477, 61.7065, 0, 0.106633, 0.0398383, 0.25002, 37.8417
49.9992, -133.81, 59.0868, 0, 0.105642, 0.0403468, 0.249863, 37.9081
49.4787, -136.048, 58.3549, 0, 0.105615, 0.0389587, 0.250115, 37.9751
51.4274, -138.655, 62.0816, 0, 0.108492, 0.0351924, 0.251344, 38.0417
57.8803, -142.537, 72.089, 0, 0.112781, 0.0288952, 0.251993, 38.1084
64.3626, -144.077, 83.5137, 0, 0.117431, 0.0217066, 0.252653, 38.1747
69.6864, -142.985, 94.3064, 0, 0.118741, 0.0139538, 0.251205, 38.2415
72.0699, -139.815, 101.241, 0, 0.116927, 0.00626864, 0.248768, 38.3089
73.9361, -137.486, 106.081, 0, 0.111943, -0.000935497, 0.242977, 38.3747
76.4987, -135.982, 110.807, 0, 0.10594, -0.00767063, 0.236705, 38.4413
78.7166, -134.862, 114.93, 0, 0.100227, -0.0139237, 0.229516, 38.508
81.7274, -134.818, 120.156, 0, 0.0961838, -0.0189902, 0.225114, 38.5747
84.5349, -133.756, 125.434, 0, 0.0941484, -0.02299, 0.223685, 38.6415
85.9805, -132.626, 129.083, 0, 0.0926949, -0.0253785, 0.223574, 38.708
86.356, -131.716, 131.621, 0, 0.0921779, -0.0263249, 0.224083, 38.7749
87.0386, -130.946, 134.204, 0, 0.0922986, -0.0269514, 0.224821, 38.8417
87.7374, -130.254, 136.483, 0, 0.0927159, -0.02813, 0.225129, 38.9081
88.5337, -129.682, 138.726, 0, 0.0929471, -0.0294666, 0.224543, 38.9748
88.6445, -129.166, 140.027, 0, 0.0931666, -0.0306473, 0.223317, 39.0417
88.5839, -128.581, 141.128, 0, 0.0931585, -0.031762, 0.221127, 39.1082
88.5869, -127.986, 142.403, 0, 0.0934298, -0.0333838, 0.218895, 39.1749
88.6776, -127.532, 143.955, 0, 0.0938046, -0.0353611, 0.217263, 39.2414
88.5655, -127.277, 145.11, 0, 0.0940741, -0.0370753, 0.216247, 39.3081
88.5243, -127.119, 146.057, 0, 0.0940685, -0.0383645, 0.215677, 39.3751
88.6223, -126.894, 146.799, 0, 0.0941174, -0.0394264, 0.215434, 39.4414
89.3603, -126.583, 148.341, 0, 0.094714, -0.0409969, 0.215588, 39.5086
89.4363, -126.299, 149.066, 0, 0.0951297, -0.0424507, 0.215084, 39.5748
89.0383, -126.065, 149.192, 0, 0.0949196, -0.0436659, 0.213909, 39.6417
89.0296, -125.727, 149.798, 0, 0.0943632, -0.0451075, 0.212156, 39.7081
88.8007, -125.456, 150.11, 0, 0.0938285, -0.0469553, 0.210805, 39.7751
88.5878, -125.201, 150.422, 0, 0.0929271, -0.0488155, 0.20926, 39.8414
88.6673, -124.84, 151.046, 0, 0.0922956, -0.05019, 0.207893, 39.9083
88.482, -124.561, 151.422, 0, 0.0919406, -0.0512408, 0.207119, 39.9747
88.2827, -124.275, 151.772, 0, 0.0917795, -0.0521039, 0.206272, 40.0415
88.3649, -123.944, 152.435, 0, 0.0916932, -0.0531115, 0.20535, 40.108
88.4141, -123.698, 153.115, 0, 0.0917791, -0.0543632, 0.204724, 40.1747
88.199, -123.485, 153.35, 0, 0.0914428, -0.0554242, 0.20349, 40.2415
88.0292, -123.443, 153.689, 0, 0.0912589, -0.0566894, 0.203001, 40.3083
88.1052, -123.262, 154.281, 0, 0.0907992, -0.0576571, 0.202066, 40.3748
88.0044, -123.093, 154.589, 0, 0.0903479, -0.0586271, 0.201624, 40.4414
87.8505, -122.929, 154.782, 0, 0.0900876, -0.0594273, 0.20154, 40.5086
87.9841, -122.756, 155.366, 0, 0.0897836, -0.0598946, 0.201398, 40.5749
87.9515, -122.734, 155.667, 0, 0.0896734, -0.0602011, 0.201648, 40.6417
87.939, -122.572, 155.802, 0, 0.0895273, -0.0600652, 0.201548, 40.7083
87.9734, -122.564, 156.021, 0, 0.0896892, -0.0600795, 0.202, 40.7747
88.1528, -122.535, 156.346, 0, 0.0900549, -0.0601802, 0.20247, 40.8417
88.314, -122.643, 156.621, 0, 0.0902023, -0.0604663, 0.202832, 40.9083
88.5682, -122.629, 156.884, 0, 0.0900637, -0.0607135, 0.202666, 40.975
88.7046, -122.774, 157.14, 0, 0.0900108, -0.0614166, 0.20284, 41.0416
88.7256, -122.892, 157.078, 0, 0.0895107, -0.0617959, 0.202556, 41.1081
88.736, -123.04, 156.931, 0, 0.0888208, -0.0618581, 0.202438, 41.175
88.7866, -123.187, 156.85, 0, 0.0882827, -0.061759, 0.20249, 41.2415
88.9217, -123.444, 156.93, 0, 0.0881601, -0.0615717, 0.203176, 41.308
88.9482, -123.778, 156.75, 0, 0.0878771, -0.0609198, 0.203766, 41.375
89.0539, -124.273, 156.34, 0, 0.0874738, -0.0594692, 0.204211, 41.4415
89.4248, -125.107, 155.924, 0, 0.0867968, -0.0571973, 0.204887, 41.5084
89.9705, -126.291, 155.488, 0, 0.0867616, -0.0540785, 0.207091, 41.5747
90.0865, -128.083, 154.799, 0, 0.0853387, -0.0498276, 0.208598, 41.6417
89.4331, -130.123, 153.263, 0, 0.0834131, -0.0457875, 0.210547, 41.708
89.2063, -131.989, 152.026, 0, 0.0814522, -0.042561, 0.211719, 41.7748
89.3977, -133.819, 150.837, 0, 0.0797919, -0.0397072, 0.213001, 41.8417
89.2985, -135.57, 148.526, 0, 0.0792486, -0.0360835, 0.214881, 41.9084
88.6149, -137.042, 144.708, 0, 0.0788233, -0.0314308, 0.2163, 41.9751
87.1997, -138.713, 139.433, 0, 0.0783981, -0.0258856, 0.217172, 42.0414
85.1436, -140.158, 133.458, 0, 0.0780492, -0.0206206, 0.218323, 42.1082
83.7261, -142.027, 128.806, 0, 0.0777901, -0.0162973, 0.219791, 42.1748
81.3586, -143.414, 123.539, 0, 0.0777388, -0.0114167, 0.220884, 42.2417
79.0452, -144.251, 118.698, 0, 0.0779724, -0.00661431, 0.223254, 42.3081
74.7765, -143.942, 111.753, 0, 0.0778655, -0.0019623, 0.224447, 42.3748
68.6039, -143.386, 102.818, 0, 0.0761888, 0.00248677, 0.225284, 42.4414
62.777, -143.436, 93.0002, 0, 0.0734542, 0.00829514, 0.226733, 42.5414
60.409, -144.082, 87.2114, 0, 0.0724697, 0.0140502, 0.227852, 42.6418
59.1138, -144.865, 84.3096, 0, 0.0729412, 0.0177482, 0.229321, 42.7079
55.2094, -144.828, 78.5788, 0, 0.0732558, 0.0233479, 0.23192, 42.8083
50.1633, -143.415, 70.8965, 0, 0.0716685, 0.0282517, 0.233319, 42.9082
46.904, -143.166, 65.9523, 0, 0.0695946, 0.0302893, 0.233004, 42.9752
43.6811, -142.313, 61.3579, 0, 0.0686664, 0.0321307, 0.234348, 43.0415
40.1445, -141.815, 56.555, 0, 0.0677472, 0.0337466, 0.235042, 43.1082
36.428, -140.735, 51.4439, 0, 0.0672787, 0.0360334, 0.236772, 43.175
32.2344, -140.203, 45.7973, 0, 0.0670738, 0.039251, 0.239033, 43.2415
27.2976, -138.777, 39.3904, 0, 0.0674204, 0.0428743, 0.241411, 43.308
22.433, -137.397, 33.4495, 0, 0.0685241, 0.0460448, 0.243297, 43.3747
18.7552, -136.464, 29.2751, 0, 0.0699489, 0.0484629, 0.244333, 43.4414
15.9198, -135.23, 26.4401, 0, 0.0711982, 0.0505555, 0.244803, 43.5083
13.8688, -134.417, 24.7374, 0, 0.0717024, 0.0525047, 0.245682, 43.5747
12.1146, -133.892, 23.4137, 0, 0.0715242, 0.0545931, 0.246202, 43.6414
10.954, -133.822, 22.7796, 0, 0.0706032, 0.0572062, 0.246886, 43.7089
9.91452, -133.204, 22.4779, 0, 0.0692326, 0.0593119, 0.247681, 43.7749
8.67687, -131.97, 21.9536, 0, 0.0672576, 0.0604668, 0.248583, 43.8415
6.97745, -130.464, 20.8683, 0, 0.0648949, 0.0604555, 0.249001, 43.9086
4.97403, -128.972, 19.4065, 0, 0.0623744, 0.0597608, 0.248548, 43.9749
2.86398, -127.752, 18.037, 0, 0.0603905, 0.0587105, 0.247492, 44.0415
0.868451, -126.91, 16.9265, 0, 0.0587152, 0.058081, 0.246577, 44.1083
179.052, 126.274, -163.904, 0, 0.0575515, 0.0577447, 0.246246, 44.1749
177.229, 125.562, -164.65, 0, 0.0562449, 0.0572282, 0.245983, 44.2417
175.565, 124.926, -165.093, 0, 0.0547252, 0.0565718, 0.246049, 44.3082
173.926, 124.491, -165.401, 0, 0.0532354, 0.0558462, 0.24658, 44.3749
172.186, 124.33, -165.735, 0, 0.051803, 0.0549103, 0.247052, 44.4417
170.491, 124.69, -166.169, 0, 0.0506022, 0.0542561, 0.248066, 44.5082
169.074, 125.062, -166.736, 0, 0.0497699, 0.0536891, 0.249001, 44.5747
168.704, 125.382, -167.2, 0, 0.0486961, 0.0537696, 0.249728, 44.6416
169.628, 125.598, -167.316, 0, 0.0471925, 0.0542563, 0.250108, 44.7081
171.5, 126.619, -167.496, 0, 0.0454929, 0.0551536, 0.250825, 44.7749
173.742, 127.994, -168.215, 0, 0.044509, 0.0563946, 0.252625, 44.8414
176.204, 129.347, -169.067, 0, 0.0446804, 0.0582058, 0.255489, 44.9083
178.505, 130.901, -169.876, 0, 0.0457538, 0.0593824, 0.257409, 44.9753
0.755006, -131.825, 9.08848, 0, 0.0472848, 0.0597157, 0.259131, 45.0417
3.19686, -133.191, 7.93066, 0, 0.0490959, 0.0590555, 0.260626, 45.1083
5.94254, -135.434, 6.78699, 0, 0.051491, 0.0571244, 0.261536, 45.1748
8.57316, -138.074, 5.23916, 0, 0.0540255, 0.0545355, 0.262146, 45.2416
11.4123, -140.45, 3.78776, 0, 0.0565284, 0.052178, 0.263066, 45.3086
15.2894, -142.697, 3.68569, 0, 0.0587087, 0.0496557, 0.263472, 45.3751
19.8861, -145.115, 4.38759, 0, 0.0608014, 0.0466887, 0.263655, 45.442
24.9459, -147.209, 5.78735, 0, 0.0629237, 0.0428958, 0.263512, 45.508
29.6559, -149.071, 7.17265, 0, 0.0648852, 0.0386479, 0.263743, 45.5747
39.018, -151.551, 12.9735, 0, 0.0673049, 0.034931, 0.264633, 45.6749
44.1868, -152.112, 16.4848, 0, 0.0682753, 0.0331868, 0.26434, 45.7418
48.214, -152.927, 19.3296, 0, 0.0690088, 0.0321057, 0.263951, 45.8087
52.1491, -153.508, 22.3211, 0, 0.0695706, 0.0320538, 0.264202, 45.875
54.904, -154.433, 24.0739, 0, 0.0699492, 0.0326631, 0.263732, 45.9421
57.3546, -155.008, 25.6256, 0, 0.0701542, 0.033189, 0.26361, 46.0088
59.928, -155.479, 27.3398, 0, 0.0701599, 0.0335253, 0.263452, 46.075
62.3602, -155.62, 28.9954, 0, 0.0701912, 0.0340397, 0.263446, 46.1417
65.7438, -156.277, 31.7467, 0, 0.0697313, 0.0344085, 0.262686, 46.2083
68.0391, -156.127, 33.3424, 0, 0.0696387, 0.0358186, 0.26316, 46.2747
70.0339, -156.521, 34.9066, 0, 0.0691915, 0.037054, 0.261911, 46.3416
71.0701, -156.485, 35.6796, 0, 0.0690672, 0.0383906, 0.261029, 46.4081
73.1332, -156.787, 37.7927, 0, 0.0690054, 0.0394597, 0.260314, 46.4747
74.3307, -156.991, 39.0187, 0, 0.068679, 0.0404128, 0.259437, 46.5417
75.9147, -157.082, 40.6864, 0, 0.0681973, 0.0413688, 0.258606, 46.6081
77.3849, -157.409, 42.1725, 0, 0.0675938, 0.0424002, 0.256964, 46.6748
77.9207, -157.465, 42.77, 0, 0.0671162, 0.0437648, 0.254347, 46.7416
78.714, -157.559, 43.7295, 0, 0.06703, 0.0454672, 0.251033, 46.8081
78.3704, -157.703, 43.437, 0, 0.0674658, 0.0473408, 0.24836, 46.8747
78.9072, -157.991, 44.117, 0, 0.0680359, 0.0488966, 0.245374, 46.9419
78.7892, -158.006, 44.0587, 0, 0.0687499, 0.0502663, 0.242831, 47.0084
78.2509, -158.276, 43.4272, 0, 0.0694791, 0.0513944, 0.240245, 47.0747
77.6209, -158.759, 42.7523, 0, 0.0702546, 0.0522376, 0.237582, 47.1415
77.3147, -158.982, 42.4004, 0, 0.0711844, 0.0527589, 0.235262, 47.2088
76.7375, -159.593, 41.7444, 0, 0.072396, 0.0528264, 0.233363, 47.2753
76.0742, -159.924, 40.9553, 0, 0.0736922, 0.052533, 0.231101, 47.3417
75.4742, -159.948, 40.167, 0, 0.0749553, 0.0521228, 0.22912, 47.4086
74.894, -160.857, 39.5508, 0, 0.0758935, 0.0516987, 0.227107, 47.4747
74.3572, -160.836, 38.9681, 0, 0.0768732, 0.0513657, 0.226043, 47.5417
74.0763, -161.578, 38.6576, 0, 0.0777905, 0.0512677, 0.224882, 47.6081
73.5873, -161.948, 38.1958, 0, 0.0787088, 0.0514956, 0.224004, 47.6748
72.8667, -162.421, 37.5258, 0, 0.079598, 0.0519328, 0.223661, 47.7414
73.0656, -163.135, 37.9076, 0, 0.0802105, 0.0523896, 0.223376, 47.8082
72.4127, -164.051, 37.3931, 0, 0.0805693, 0.0528493, 0.22319, 47.8748
70.648, -165.238, 35.6477, 0, 0.0804925, 0.0531433, 0.222815, 47.9415
69.5862, -166.635, 34.6108, 0, 0.0800954, 0.0530837, 0.221749, 48.0082
67.4771, -167.505, 32.4856, 0, 0.0795352, 0.0530691, 0.220656, 48.0751
66.8525, -167.732, 31.7303, 0, 0.0791735, 0.05311, 0.219595, 48.1417
66.8088, -167.826, 31.5836, 0, 0.0793523, 0.0532216, 0.218944, 48.2083
66.3263, -168.1, 31.1494, 0, 0.0799576, 0.0534477, 0.218586, 48.2749
65.5972, -168.383, 30.3672, 0, 0.0807231, 0.0541199, 0.218959, 48.3416
63.0292, -168.722, 27.8692, 0, 0.0812571, 0.0551621, 0.219443, 48.4084
63.4508, -169.456, 28.6073, 0, 0.0812883, 0.0562346, 0.220466, 48.4748
63.7507, -169.728, 28.9648, 0, 0.081184, 0.0574866, 0.22117, 48.5415
63.9496, -169.105, 28.8567, 0, 0.0812634, 0.0585512, 0.221419, 48.6084
63.5269, -167.298, 27.8787, 0, 0.081602, 0.0590957, 0.220667, 48.6748
64.4566, -164.029, 28.361, 0, 0.0819316, 0.0595047, 0.220103, 48.7416
65.6607, -160.447, 29.531, 0, 0.0819207, 0.0596391, 0.22051, 48.8084
68.0983, -158.023, 31.9413, 0, 0.0816065, 0.0596258, 0.222545, 48.8747
69.4236, -155.98, 33.2749, 0, 0.0810742, 0.0594952, 0.225201, 48.9417
70.4832, -154.351, 34.3863, 0, 0.0806095, 0.0592247, 0.227633, 49.0083
71.2498, -153.206, 35.2109, 0, 0.0804144, 0.0587645, 0.229668, 49.0751
71.6546, -151.947, 35.6351, 0, 0.0805456, 0.0582579, 0.230601, 49.1413
72.453, -150.227, 36.5601, 0, 0.0812327, 0.0576831, 0.231163, 49.2083
72.5402, -148.284, 36.7677, 0, 0.0821721, 0.0570828, 0.230883, 49.2747
72.3051, -146.388, 36.5493, 0, 0.0831704, 0.0564754, 0.230287, 49.3415
72.3516, -144.757, 36.6913, 0, 0.0839183, 0.056121, 0.230009, 49.4083
72.7689, -143.731, 37.3344, 0, 0.0845486, 0.0562393, 0.230007, 49.475
73.1128, -143.075, 38.0038, 0, 0.0849689, 0.0569321, 0.230001, 49.5414
73.13, -142.264, 38.4391, 0, 0.0853066, 0.0580407, 0.230111, 49.6084
73.1662, -141.53, 38.7213, 0, 0.0855, 0.0590686, 0.230295, 49.6748
73.1041, -140.681, 38.8624, 0, 0.085746, 0.0599253, 0.23047, 49.7413
73.557, -139.78, 39.3851, 0, 0.0865197, 0.0606274, 0.230644, 49.8083
73.9314, -139.006, 39.82, 0, 0.0878302, 0.0612134, 0.230235, 49.8747
74.2199, -138.284, 40.1728, 0, 0.0895018, 0.061942, 0.229453, 49.9414
74.7456, -137.529, 40.8781, 0, 0.0914518, 0.0631057, 0.228683, 50.0082
75.1674, -136.799, 41.5827, 0, 0.0934768, 0.0648289, 0.227833, 50.0748
75.6907, -136.256, 42.4822, 0, 0.0957909, 0.0671461, 0.227739, 50.1414
75.9585, -135.641, 43.0704, 0, 0.0980705, 0.0699263, 0.227327, 50.2081
76.0462, -135.067, 43.4454, 0, 0.100624, 0.0731798, 0.227188, 50.2748
76.49, -134.758, 44.3375, 0, 0.10357, 0.0764952, 0.227815, 50.3416
76.6516, -134.724, 44.758, 0, 0.106262, 0.0790753, 0.228442, 50.4083
76.8081, -134.644, 45.0902, 0, 0.108327, 0.0810873, 0.228515, 50.4748
77.1123, -134.766, 45.5729, 0, 0.109896, 0.0829198, 0.228659, 50.5414
77.1502, -134.665, 45.7106, 0, 0.110875, 0.0845111, 0.229079, 50.6085
77.3187, -134.767, 46.063, 0, 0.111353, 0.085835, 0.229328, 50.6749
77.3808, -134.569, 46.2254, 0, 0.111549, 0.0872864, 0.229847, 50.7415
77.2927, -134.376, 46.2299, 0, 0.111646, 0.0887895, 0.23051, 50.8083
77.0691, -133.953, 46.2142, 0, 0.111527, 0.0897438, 0.230871, 50.8747
76.4381, -133.089, 45.9324, 0, 0.111071, 0.0899309, 0.230798, 50.9414
76.0111, -132.056, 45.8748, 0, 0.110694, 0.0895831, 0.230976, 51.0085
75.7945, -131.075, 46.0262, 0, 0.11036, 0.0890939, 0.231195, 51.0753
75.6553, -130.265, 46.1745, 0, 0.109916, 0.0884724, 0.231294, 51.1417
75.489, -129.578, 46.1466, 0, 0.109546, 0.0879683, 0.231453, 51.2081
75.4157, -129.02, 46.1532, 0, 0.109116, 0.0874623, 0.231537, 51.2748
75.2926, -128.364, 46.1014, 0, 0.108753, 0.0865754, 0.231315, 51.3416
75.0482, -127.607, 45.9029, 0, 0.108311, 0.0856441, 0.231009, 51.4083
74.7958, -126.555, 45.6806, 0, 0.107745, 0.0846741, 0.230424, 51.4748
74.6933, -125.461, 45.5817, 0, 0.107126, 0.0836744, 0.229654, 51.542
74.6229, -124.816, 45.5402, 0, 0.106689, 0.0827074, 0.22917, 51.6082
74.843, -124.624, 45.8163, 0, 0.106463, 0.082403, 0.229337, 51.675
75.0112, -124.46, 45.9031, 0, 0.106518, 0.0822344, 0.229913, 51.7416
75.1782, -124.067, 46.0216, 0, 0.106651, 0.081985, 0.230669, 51.8083
75.4513, -123.616, 46.4966, 0, 0.107143, 0.0823717, 0.231788, 51.8748
75.5796, -123.239, 46.7799, 0, 0.10772, 0.0829924, 0.232512, 51.9414
75.6359, -123.129, 46.8605, 0, 0.107788, 0.0833345, 0.232513, 52.0083
75.5902, -123.354, 46.8069, 0, 0.107563, 0.0832434, 0.232415, 52.0747
75.7486, -123.786, 46.8873, 0, 0.107024, 0.0832274, 0.232275, 52.1418
76.1013, -124.562, 47.2152, 0, 0.106594, 0.0836864, 0.23318, 52.2084
76.4869, -125.351, 47.6349, 0, 0.105999, 0.083949, 0.234768, 52.2749
77.2196, -126.233, 48.4576, 0, 0.105477, 0.0835237, 0.237087, 52.3416
77.7756, -127.584, 49.1103, 0, 0.104733, 0.0830788, 0.239798, 52.4083
78.0268, -128.779, 49.7038, 0, 0.10363, 0.082376, 0.242417, 52.4748
78.293, -129.678, 50.5113, 0, 0.10271, 0.0819718, 0.245139, 52.5414
78.6566, -130.533, 51.438, 0, 0.101812, 0.0816848, 0.247405, 52.6082
79.5284, -131.554, 53.022, 0, 0.100911, 0.0812719, 0.249654, 52.6748
80.0419, -132.607, 53.9694, 0, 0.0991823, 0.0802468, 0.251314, 52.7413
80.5621, -133.702, 55.0106, 0, 0.0970369, 0.0793964, 0.253363, 52.8083
80.9429, -134.318, 55.8301, 0, 0.0951486, 0.0786908, 0.255896, 52.8747
81.0173, -135.088, 56.2882, 0, 0.0927094, 0.077747, 0.257934, 52.9417
81.671, -136.234, 57.6139, 0, 0.090304, 0.0766112, 0.260193, 53.0082
82.8458, -137.952, 59.8462, 0, 0.0878406, 0.0755968, 0.263054, 53.0752
83.5428, -140.548, 61.6703, 0, 0.0852449, 0.0746857, 0.267077, 53.1419
84.6859, -143.571, 64.5147, 0, 0.0819895, 0.0731368, 0.271632, 53.2082
86.6016, -146.926, 69.0079, 0, 0.078577, 0.0710478, 0.277082, 53.2747
88.4097, -150.093, 73.9467, 0, 0.0741878, 0.0690705, 0.282672, 53.3414
91.8035, -153.721, 79.9043, 0, 0.0696077, 0.0669835, 0.287104, 53.4081
92.3833, -157.012, 82.0486, 0, 0.0641788, 0.0645265, 0.290998, 53.4747
93.7267, -160.788, 84.6048, 0, 0.058772, 0.0610529, 0.293063, 53.5414
94.4706, -163.676, 86.475, 0, 0.0535862, 0.0569943, 0.29365, 53.6081
95.9781, -167.846, 89.563, 0, 0.0448894, 0.0499112, 0.292348, 53.7094
109.157, -172.231, 103.842, 0, 0.034756, 0.041313, 0.290179, 53.8082
133.199, -174.077, 128.67, 0, 0.0274494, 0.0353713, 0.290826, 53.8747
6.34856, 176.157, 2.49465, 0, 0.0204574, 0.0293308, 0.289322, 53.9413
64.968, 172.214, 62.2421, 0, 0.0100582, 0.0221466, 0.287963, 54.0417
68.1679, 168.29, 66.6043, 0, -0.00173938, 0.0156139, 0.285595, 54.1417
74.6612, 165.949, 73.8934, 0, -0.00925586, 0.011349, 0.282781, 54.208
75.596, 163.994, 75.3602, 0, -0.0161849, 0.00679673, 0.280322, 54.2747
77.0121, 162.349, 77.1368, 0, -0.0220525, 0.00339882, 0.276376, 54.3415
77.9339, 159.634, 78.2241, 0, -0.0307456, -0.000608176, 0.273083, 54.4415
79.2192, 157.06, 79.7053, 0, -0.0359615, -0.00287896, 0.27161, 54.5081
79.687, 152.233, 80.8988, 0, -0.0422699, -0.00547757, 0.271745, 54.608
77.9823, 147.519, 80.4547, 0, -0.0462856, -0.00775541, 0.273272, 54.708
77.2282, 144.426, 80.4565, 0, -0.0489169, -0.0084564, 0.273821, 54.7747
77.2053, 142.291, 80.8908, 0, -0.0511109, -0.00839271, 0.272736, 54.8417
77.5385, 140.952, 81.4106, 0, -0.054269, -0.00792449, 0.271347, 54.9085
77.7255, 139.892, 81.5629, 0, -0.0580497, -0.00730024, 0.26979, 54.9747
77.3908, 139.159, 81.31, 0, -0.0615478, -0.00639675, 0.268689, 55.0416
77.2544, 137.793, 81.6137, 0, -0.0638131, -0.00571739, 0.268418, 55.1081
77.2796, 136.236, 82.4874, 0, -0.064682, -0.00553978, 0.268788, 55.1752
77.2282, 134.168, 83.5017, 0, -0.0648074, -0.00545201, 0.27026, 55.2414
77.0451, 132.043, 84.2649, 0, -0.0646389, -0.00497042, 0.271862, 55.3081
77.144, 129.834, 84.8531, 0, -0.0647576, -0.0040424, 0.273203, 55.3749
77.5594, 128.025, 85.3704, 0, -0.065196, -0.00307476, 0.27261, 55.4414
78.2447, 126.844, 86.0952, 0, -0.0658445, -0.00235394, 0.270982, 55.5086
78.913, 125.659, 86.7547, 0, -0.0664673, -0.00176573, 0.269828, 55.575
79.1793, 124.199, 87.1617, 0, -0.0669355, -0.00144886, 0.268983, 55.6414
78.6559, 122.719, 87.006, 0, -0.0673151, -0.00137903, 0.269175, 55.7081
77.9017, 121.446, 86.8939, 0, -0.0669409, -0.00158715, 0.269218, 55.7751
77.5696, 120.754, 86.9901, 0, -0.0662648, -0.00191006, 0.268616, 55.8414
77.8844, 120.534, 87.4171, 0, -0.0659697, -0.00136231, 0.267467, 55.9084
78.2977, 120.435, 87.7626, 0, -0.0659272, -0.000136946, 0.266386, 55.9749
78.3468, 120.278, 87.7272, 0, -0.0656534, 0.000634559, 0.265601, 56.0416
78.2443, 120.013, 87.6545, 0, -0.0649119, 0.00140387, 0.264516, 56.1081
78.5221, 119.752, 88.1022, 0, -0.0636874, 0.00201079, 0.263309, 56.1748
78.6852, 119.572, 88.4097, 0, -0.0624305, 0.00252415, 0.262109, 56.2414
78.8505, 119.318, 88.6558, 0, -0.0612932, 0.00278964, 0.260847, 56.308
79.0161, 119.225, 88.9809, 0, -0.0601111, 0.00274893, 0.259641, 56.3748
79.0719, 119.359, 89.6264, 0, -0.0591669, 0.00251644, 0.259313, 56.4416
78.9352, 119.353, 90.1063, 0, -0.0580391, 0.001955, 0.259318, 56.5087
78.672, 119.291, 90.2317, 0, -0.0572174, 0.00175727, 0.260388, 56.5749
78.3271, 119.177, 90.0585, 0, -0.0567294, 0.00188041, 0.260951, 56.6415
78.2385, 119.099, 89.9911, 0, -0.0562979, 0.00187896, 0.261053, 56.7082
78.2742, 119.235, 90.1756, 0, -0.0558271, 0.00206863, 0.261104, 56.7752
78.6085, 119.353, 90.3757, 0, -0.0554769, 0.00204201, 0.260394, 56.8414
78.998, 119.619, 90.5561, 0, -0.0553847, 0.00254101, 0.259749, 56.9082
79.4353, 120.041, 90.7539, 0, -0.0558594, 0.00297248, 0.259919, 56.9749
79.6458, 120.279, 90.8354, 0, -0.0568768, 0.00290226, 0.260417, 57.0416
79.3943, 120.398, 90.4968, 0, -0.0582476, 0.00298227, 0.261979, 57.1081
79.1115, 120.511, 90.2085, 0, -0.0597773, 0.00323979, 0.264189, 57.1748
78.9687, 120.676, 90.2133, 0, -0.0611612, 0.00359047, 0.266235, 57.2416
79.0278, 120.979, 90.3686, 0, -0.0625991, 0.00393154, 0.268733, 57.3081
78.9666, 121.314, 90.3717, 0, -0.0646793, 0.00433754, 0.271195, 57.3749
79.113, 121.463, 90.4002, 0, -0.0673241, 0.00444943, 0.272697, 57.4414
79.0601, 121.662, 90.2628, 0, -0.0703603, 0.00454197, 0.274446, 57.5082
79.1549, 121.757, 90.2347, 0, -0.0733947, 0.00450922, 0.275656, 57.5747
79.2808, 121.932, 90.3039, 0, -0.0765659, 0.00443713, 0.276283, 57.6414
79.2481, 122.199, 90.1859, 0, -0.079872, 0.00466876, 0.27737, 57.7081
79.3355, 122.329, 90.1623, 0, -0.083199, 0.00515631, 0.278213, 57.775
79.4737, 122.495, 90.1823, 0, -0.0865932, 0.0053434, 0.279787, 57.8414
79.5655, 122.733, 90.2674, 0, -0.0898604, 0.00571768, 0.280553, 57.9084
79.6088, 123.052, 90.3372, 0, -0.0934378, 0.00577597, 0.281987, 57.975
79.5368, 123.217, 90.253, 0, -0.0969492, 0.00581093, 0.283282, 58.0414
79.3717, 123.319, 90.1267, 0, -0.10013, 0.00583015, 0.284575, 58.1082
79.2966, 123.406, 90.0919, 0, -0.102883, 0.00589178, 0.285883, 58.175
79.2208, 123.514, 90.017, 0, -0.105131, 0.00585551, 0.286689, 58.2414
79.2618, 123.822, 90.1249, 0, -0.106852, 0.00583296, 0.287186, 58.3083
79.284, 123.885, 90.1579, 0, -0.108264, 0.00581325, 0.287702, 58.3747
79.1952, 123.853, 90.0592, 0, -0.109241, 0.00585671, 0.287734, 58.4414
79.309, 123.828, 90.2155, 0, -0.109713, 0.00591226, 0.28773, 58.508
79.3308, 123.795, 90.3952, 0, -0.10995, 0.00594343, 0.28784, 58.5748
79.2419, 123.647, 90.4439, 0, -0.110135, 0.00572418, 0.287771, 58.6415
78.9083, 123.61, 90.2509, 0, -0.110474, 0.00499812, 0.288176, 58.7081
78.5687, 123.5, 90.1059, 0, -0.110695, 0.00417863, 0.288352, 58.7755
77.89, 123.493, 89.7366, 0, -0.110885, 0.00311978, 0.289257, 58.8414
77.1483, 123.54, 89.3264, 0, -0.111024, 0.0016722, 0.290041, 58.9086
76.1348, 123.4, 88.5918, 0, -0.110864, -0.000492704, 0.290269, 58.9746
74.9441, 123.265, 87.8051, 0, -0.110391, -0.00365971, 0.290027, 59.0416
73.5724, 123.21, 86.8589, 0, -0.110059, -0.00716442, 0.289026, 59.1083
72.0323, 123.703, 85.6497, 0, -0.110267, -0.0111008, 0.288625, 59.1748
70.5387, 124.009, 84.1068, 0, -0.110066, -0.0154434, 0.286822, 59.2415
69.0913, 124.89, 82.2848, 0, -0.109904, -0.0202346, 0.285573, 59.3081
68.0659, 125.997, 80.7224, 0, -0.1093, -0.0247201, 0.283484, 59.3748
67.3083, 127.517, 79.1864, 0, -0.108432, -0.0289127, 0.281041, 59.4417
66.2132, 128.609, 77.1549, 0, -0.107953, -0.0325086, 0.278176, 59.5084
65.2171, 129.283, 75.1327, 0, -0.107691, -0.0348997, 0.27597, 59.5748
65.2193, 129.763, 74.4942, 0, -0.107334, -0.0358774, 0.274318, 59.6413