1.97273, -132.503, 8.50344, 0, 0.0481895, 0.0593859, 0.259878, 45.075
2.89021, -133.018, 8.07267, 0, 0.0488692, 0.0591381, 0.260439, 45.1
3.19686, -133.191, 7.93066, 0, 0.0490959, 0.0590555, 0.260626, 45.1083
3.88082, -133.749, 7.63424, 0, 0.0496959, 0.0585717, 0.260854, 45.125
4.91189, -134.591, 7.20168, 0, 0.0505964, 0.0578457, 0.261196, 45.15
5.94254, -135.434, 6.78699, 0, 0.051491, 0.0571244, 0.261536, 45.1748
5.94882, -135.44, 6.78316, 0, 0.0514971, 0.0571182, 0.261538, 45.175
6.93129, -136.423, 6.19172, 0, 0.0524464, 0.0561486, 0.261766, 45.2
7.91697, -137.414, 5.6143, 0, 0.0533957, 0.0551789, 0.261994, 45.225
8.57316, -138.074, 5.23916, 0, 0.0540255, 0.0545355, 0.262146, 45.2416
8.92701, -138.37, 5.0511, 0, 0.0543395, 0.0542398, 0.262261, 45.25
9.98231, -139.252, 4.50213, 0, 0.0552727, 0.0533608, 0.262604, 45.275
11.0438, -140.141, 3.96852, 0, 0.0562058, 0.0524818, 0.262948, 45.3
11.4123, -140.45, 3.78776, 0, 0.0565284, 0.052178, 0.263066, 45.3086
12.3501, -141.003, 3.74067, 0, 0.0570653, 0.0515569, 0.263166, 45.325
13.8041, -141.849, 3.69589, 0, 0.0578858, 0.0506077, 0.263319, 45.35
15.285, -142.695, 3.68567, 0, 0.0587063, 0.0496585, 0.263471, 45.375
15.2894, -142.697, 3.68569, 0, 0.0587087, 0.0496557, 0.263472, 45.3751
16.9647, -143.601, 3.90417, 0, 0.0594881, 0.0485507, 0.26354, 45.4
18.6878, -144.504, 4.17375, 0, 0.0602698, 0.0474424, 0.263608, 45.425
19.8861, -145.115, 4.38759, 0, 0.0608014, 0.0466887, 0.263655, 45.442
20.4803, -145.372, 4.5359, 0, 0.0610587, 0.0462289, 0.263638, 45.45
22.3709, -146.171, 5.03665, 0, 0.0618629, 0.0447916, 0.263584, 45.475
24.3143, -146.959, 5.59605, 0, 0.0626672, 0.0433543, 0.26353, 45.5
24.9459, -147.209, 5.78735, 0, 0.0629237, 0.0428958, 0.263512, 45.508
26.1174, -147.69, 6.10696, 0, 0.0634246, 0.0418111, 0.263571, 45.525
27.8755, -148.389, 6.61797, 0, 0.06416, 0.0402185, 0.263658, 45.55
29.6559, -149.071, 7.17265, 0, 0.0648852, 0.0386479, 0.263743, 45.5747
29.6862, -149.08, 7.19057, 0, 0.0648936, 0.038635, 0.263746, 45.575
31.908, -149.741, 8.52055, 0, 0.0654969, 0.0377083, 0.263968, 45.6
34.2042, -150.375, 9.92768, 0, 0.0661001, 0.0367817, 0.26419, 45.625
36.5763, -150.98, 11.4133, 0, 0.0667034, 0.035855, 0.264412, 45.65
39.018, -151.551, 12.9735, 0, 0.0673049, 0.034931, 0.264633, 45.6749
39.0237, -151.552, 12.9773, 0, 0.067306, 0.0349291, 0.264633, 45.675
40.9358, -151.779, 14.2695, 0, 0.0676686, 0.0342772, 0.264524, 45.7
42.8718, -151.985, 15.5862, 0, 0.0680313, 0.0336253, 0.264414, 45.725
44.1868, -152.112, 16.4848, 0, 0.0682753, 0.0331868, 0.26434, 45.7418
44.6688, -152.217, 16.8219, 0, 0.068365, 0.0330545, 0.264293, 45.75
46.1598, -152.528, 17.8708, 0, 0.0686392, 0.0326505, 0.264147, 45.775
47.6785, -152.827, 18.9478, 0, 0.0689133, 0.0322464, 0.264002, 45.8
48.214, -152.927, 19.3296, 0, 0.0690088, 0.0321057, 0.263951, 45.8087
49.1677, -153.079, 20.0512, 0, 0.0691469, 0.0320929, 0.264013, 45.825
50.6489, -153.3, 21.1762, 0, 0.0693588, 0.0320733, 0.264107, 45.85
52.1491, -153.508, 22.3211, 0, 0.0695706, 0.0320538, 0.264202, 45.875
52.1501, -153.508, 22.3217, 0, 0.0695707, 0.032054, 0.264202, 45.875
53.1584, -153.857, 22.9562, 0, 0.0697118, 0.032281, 0.264027, 45.9
54.1882, -154.201, 23.6127, 0, 0.0698528, 0.032508, 0.263852, 45.925
54.904, -154.433, 24.0739, 0, 0.0699492, 0.0326631, 0.263732, 45.9421
55.1904, -154.503, 24.2534, 0, 0.0699735, 0.0327255, 0.263718, 45.95
56.1016, -154.72, 24.8279, 0, 0.0700503, 0.0329225, 0.263672, 45.975
57.0253, -154.934, 25.4151, 0, 0.0701271, 0.0331194, 0.263626, 46
57.3546, -155.008, 25.6256, 0, 0.0701542, 0.033189, 0.26361, 46.0088
57.9761, -155.126, 26.037, 0, 0.0701556, 0.0332712, 0.263571, 46.025
58.9465, -155.305, 26.6827, 0, 0.0701577, 0.0333982, 0.263512, 46.05
59.928, -155.479, 27.3398, 0, 0.0701599, 0.0335253, 0.263452, 46.075
59.9283, -155.479, 27.34, 0, 0.0701599, 0.0335253, 0.263452, 46.075
60.8372, -155.535, 27.9578, 0, 0.0701716, 0.0337182, 0.26345, 46.1
61.7495, -155.587, 28.579, 0, 0.0701834, 0.033911, 0.263447, 46.125
62.3602, -155.62, 28.9954, 0, 0.0701912, 0.0340397, 0.263446, 46.1417
62.7732, -155.705, 29.3295, 0, 0.0701339, 0.0340857, 0.263351, 46.15
64.0307, -155.956, 30.3497, 0, 0.0699614, 0.034224, 0.263066, 46.175
65.3113, -156.198, 31.3933, 0, 0.0697889, 0.0343623, 0.262781, 46.2
65.7438, -156.277, 31.7467, 0, 0.0697313, 0.0344085, 0.262686, 46.2083
66.3223, -156.241, 32.1496, 0, 0.069708, 0.0347625, 0.262805, 46.225
67.1877, -156.186, 32.7514, 0, 0.0696732, 0.0352938, 0.262984, 46.25
68.0391, -156.127, 33.3424, 0, 0.0696387, 0.0358186, 0.26316, 46.2747
68.0482, -156.129, 33.3495, 0, 0.0696367, 0.0358243, 0.263155, 46.275
68.7872, -156.279, 33.9275, 0, 0.0694695, 0.0362861, 0.262688, 46.3
69.5343, -156.425, 34.5136, 0, 0.0693023, 0.0367479, 0.262221, 46.325
70.0339, -156.521, 34.9066, 0, 0.0691915, 0.037054, 0.261911, 46.3416
70.1654, -156.517, 35.0048, 0, 0.0691757, 0.0372235, 0.261799, 46.35
70.5551, -156.503, 35.2955, 0, 0.069129, 0.0377259, 0.261468, 46.375
70.9444, -156.489, 35.5859, 0, 0.0690823, 0.0382283, 0.261136, 46.4
71.0701, -156.485, 35.6796, 0, 0.0690672, 0.0383906, 0.261029, 46.4081
71.5888, -156.564, 36.211, 0, 0.0690515, 0.038662, 0.260847, 46.425
72.3612, -156.678, 37.0022, 0, 0.0690283, 0.0390628, 0.260579, 46.45
73.1332, -156.787, 37.7927, 0, 0.0690054, 0.0394597, 0.260314, 46.4747
73.1376, -156.787, 37.7973, 0, 0.0690042, 0.0394633, 0.260311, 46.475
73.5821, -156.865, 38.2523, 0, 0.0688824, 0.0398189, 0.259984, 46.5
74.0294, -156.941, 38.7103, 0, 0.0687606, 0.0401745, 0.259656, 46.525
74.3307, -156.991, 39.0187, 0, 0.068679, 0.0404128, 0.259437, 46.5417
74.527, -157.004, 39.2253, 0, 0.0686191, 0.0405316, 0.259334, 46.55
75.1225, -157.039, 39.8524, 0, 0.0684377, 0.0408916, 0.259021, 46.575
75.7199, -157.072, 40.4813, 0, 0.0682563, 0.0412517, 0.258708, 46.6
75.9147, -157.082, 40.6864, 0, 0.0681973, 0.0413688, 0.258606, 46.6081
76.2825, -157.166, 41.0583, 0, 0.0680447, 0.0416297, 0.258191, 46.625
76.8328, -157.289, 41.6145, 0, 0.0678184, 0.0420164, 0.257575, 46.65
77.3849, -157.409, 42.1725, 0, 0.0675938, 0.0424002, 0.256964, 46.6748
77.3864, -157.409, 42.1741, 0, 0.0675924, 0.042404, 0.256956, 46.675
77.5866, -157.43, 42.3975, 0, 0.0674136, 0.0429149, 0.255977, 46.7
77.7873, -157.451, 42.6213, 0, 0.0672349, 0.0434258, 0.254997, 46.725
77.9207, -157.465, 42.77, 0, 0.0671162, 0.0437648, 0.254347, 46.7416
78.0205, -157.477, 42.8908, 0, 0.0671053, 0.0439799, 0.253928, 46.75
78.318, -157.512, 43.2507, 0, 0.0670729, 0.0446194, 0.252683, 46.775
78.6166, -157.547, 43.6117, 0, 0.0670406, 0.0452589, 0.251438, 46.8
78.714, -157.559, 43.7295, 0, 0.06703, 0.0454672, 0.251033, 46.8081
78.6274, -157.595, 43.6559, 0, 0.0671403, 0.0459415, 0.250356, 46.825
78.4985, -157.649, 43.5461, 0, 0.067304, 0.0466449, 0.249352, 46.85
78.3704, -157.703, 43.437, 0, 0.0674658, 0.0473408, 0.24836, 46.8747
78.3725, -157.704, 43.4397, 0, 0.0674681, 0.047347, 0.248348, 46.875
78.5707, -157.812, 43.6912, 0, 0.0676804, 0.0479265, 0.247236, 46.9
78.7709, -157.919, 43.9448, 0, 0.0678928, 0.048506, 0.246124, 46.925
78.9072, -157.991, 44.117, 0, 0.0680359, 0.0488966, 0.245374, 46.9419
78.8927, -157.993, 44.1099, 0, 0.0681233, 0.0490643, 0.245063, 46.95
78.8484, -157.998, 44.088, 0, 0.0683916, 0.049579, 0.244107, 46.975
78.8041, -158.004, 44.0661, 0, 0.06866, 0.0500937, 0.243152, 47
78.7892, -158.006, 44.0587, 0, 0.0687499, 0.0502663, 0.242831, 47.0084
78.6557, -158.074, 43.9018, 0, 0.0689326, 0.0505489, 0.242183, 47.025
78.4532, -158.176, 43.6642, 0, 0.0692074, 0.050974, 0.241209, 47.05
78.2509, -158.276, 43.4272, 0, 0.0694791, 0.0513944, 0.240245, 47.0747
78.2483, -158.278, 43.4244, 0, 0.0694823, 0.0513979, 0.240234, 47.075
78.016, -158.459, 43.1752, 0, 0.0697725, 0.0517134, 0.239237, 47.1
77.7795, -158.64, 42.922, 0, 0.0700626, 0.0520289, 0.238241, 47.125
77.6209, -158.759, 42.7523, 0, 0.0702546, 0.0522376, 0.237582, 47.1415
77.5828, -158.787, 42.7084, 0, 0.0703715, 0.0523032, 0.23729, 47.15
77.4695, -158.87, 42.5781, 0, 0.070717, 0.0524969, 0.236428, 47.175
77.3552, -158.953, 42.4469, 0, 0.0710625, 0.0526906, 0.235566, 47.2
77.3147, -158.982, 42.4004, 0, 0.0711844, 0.0527589, 0.235262, 47.2088
77.1774, -159.131, 42.2439, 0, 0.0714795, 0.0527754, 0.234799, 47.225
76.9612, -159.361, 41.998, 0, 0.0719354, 0.0528008, 0.234085, 47.25
76.7398, -159.59, 41.747, 0, 0.0723913, 0.0528262, 0.233371, 47.275
76.7375, -159.593, 41.7444, 0, 0.072396, 0.0528264, 0.233363, 47.2753
76.4934, -159.717, 41.4534, 0, 0.0728784, 0.0527172, 0.232521, 47.3
76.2435, -159.841, 41.1562, 0, 0.0733658, 0.0526069, 0.231671, 47.325
76.0742, -159.924, 40.9553, 0, 0.0736922, 0.052533, 0.231101, 47.3417
76.0002, -159.927, 40.8579, 0, 0.0738484, 0.0524823, 0.230856, 47.35
75.7758, -159.936, 40.5631, 0, 0.0743209, 0.0523288, 0.230115, 47.375
75.5511, -159.945, 40.268, 0, 0.0747935, 0.0521753, 0.229374, 47.4
75.4742, -159.948, 40.167, 0, 0.0749553, 0.0521228, 0.22912, 47.4086
75.3351, -160.174, 40.019, 0, 0.0751883, 0.0520174, 0.22862, 47.425
75.1174, -160.517, 39.7876, 0, 0.0755427, 0.0518572, 0.22786, 47.45
74.894, -160.857, 39.5508, 0, 0.0758935, 0.0516987, 0.227107, 47.4747
74.8919, -160.857, 39.5486, 0, 0.0758972, 0.0516974, 0.227103, 47.475
74.6913, -160.849, 39.3308, 0, 0.0762632, 0.051573, 0.226706, 47.5
74.4908, -160.841, 39.1132, 0, 0.0766291, 0.0514486, 0.226308, 47.525
74.3572, -160.836, 38.9681, 0, 0.0768732, 0.0513657, 0.226043, 47.5417
74.3232, -160.929, 38.9304, 0, 0.0769883, 0.0513534, 0.225897, 47.55
74.2191, -161.209, 38.8151, 0, 0.0773337, 0.0513165, 0.22546, 47.575
74.1117, -161.488, 38.6965, 0, 0.0776791, 0.0512796, 0.225023, 47.6
74.0763, -161.578, 38.6576, 0, 0.0777905, 0.0512677, 0.224882, 47.6081
73.9539, -161.672, 38.5421, 0, 0.0780237, 0.0513256, 0.224659, 47.625
73.771, -161.811, 38.3695, 0, 0.0783679, 0.051411, 0.22433, 47.65
73.5873, -161.948, 38.1958, 0, 0.0787088, 0.0514956, 0.224004, 47.6748
73.5847, -161.95, 38.1935, 0, 0.078712, 0.0514972, 0.224003, 47.675
73.3186, -162.128, 37.9463, 0, 0.0790457, 0.0516612, 0.223874, 47.7
73.0473, -162.305, 37.694, 0, 0.0793793, 0.0518253, 0.223745, 47.725
72.8667, -162.421, 37.5258, 0, 0.079598, 0.0519328, 0.223661, 47.7414
72.891, -162.513, 37.5737, 0, 0.079677, 0.0519916, 0.223624, 47.75
72.9637, -162.78, 37.7148, 0, 0.079906, 0.0521625, 0.223518, 47.775
73.0397, -163.047, 37.8593, 0, 0.080135, 0.0523333, 0.223411, 47.8
73.0656, -163.135, 37.9076, 0, 0.0802105, 0.0523896, 0.223376, 47.8082
72.9072, -163.365, 37.7841, 0, 0.0803008, 0.0525053, 0.223329, 47.825
72.6637, -163.709, 37.5926, 0, 0.0804355, 0.0526779, 0.223259, 47.85
72.4127, -164.051, 37.3931, 0, 0.0805693, 0.0528493, 0.22319, 47.8748
72.4084, -164.054, 37.3889, 0, 0.0805691, 0.05285, 0.223189, 47.875
71.7774, -164.501, 36.7651, 0, 0.0805403, 0.0529604, 0.223048, 47.9
71.1095, -164.946, 36.1044, 0, 0.0805115, 0.0530707, 0.222907, 47.925
70.648, -165.238, 35.6477, 0, 0.0804925, 0.0531433, 0.222815, 47.9415
70.5234, -165.417, 35.5263, 0, 0.0804418, 0.0531357, 0.222678, 47.95
70.1407, -165.94, 35.1529, 0, 0.0802931, 0.0531134, 0.22228, 47.975
69.7289, -166.462, 34.7505, 0, 0.0801445, 0.0530911, 0.221881, 48
69.5862, -166.635, 34.6108, 0, 0.0800954, 0.0530837, 0.221749, 48.0082
69.0837, -166.855, 34.1043, 0, 0.079955, 0.0530801, 0.221475, 48.025
68.3019, -167.181, 33.3165, 0, 0.0797454, 0.0530746, 0.221066, 48.05
67.4795, -167.504, 32.488, 0, 0.0795358, 0.0530691, 0.220657, 48.075
67.4771, -167.505, 32.4856, 0, 0.0795352, 0.0530691, 0.220656, 48.0751
67.2464, -167.59, 32.206, 0, 0.0793999, 0.0530844, 0.220259, 48.1
67.0115, -167.676, 31.922, 0, 0.0792642, 0.0530997, 0.219861, 48.125
66.8525, -167.732, 31.7303, 0, 0.0791735, 0.05311, 0.219595, 48.1417
66.8472, -167.744, 31.7121, 0, 0.0791958, 0.0531239, 0.219514, 48.15
66.8308, -167.779, 31.6571, 0, 0.0792629, 0.0531658, 0.219269, 48.175
66.8143, -167.815, 31.6019, 0, 0.07933, 0.0532078, 0.219025, 48.2
66.8088, -167.826, 31.5836, 0, 0.0793523, 0.0532216, 0.218944, 48.2083
66.6897, -167.895, 31.4766, 0, 0.0795041, 0.0532783, 0.218854, 48.225
66.5092, -167.998, 31.3142, 0, 0.0797312, 0.0533631, 0.21872, 48.25
66.3263, -168.1, 31.1494, 0, 0.0799576, 0.0534477, 0.218586, 48.2749
66.3256, -168.1, 31.1486, 0, 0.0799584, 0.0534483, 0.218586, 48.275
66.0564, -168.207, 30.8595, 0, 0.0802454, 0.0537004, 0.218726, 48.3
65.7822, -168.313, 30.5654, 0, 0.0805324, 0.0539525, 0.218866, 48.325
65.5972, -168.383, 30.3672, 0, 0.0807231, 0.0541199, 0.218959, 48.3416
65.2826, -168.427, 30.0614, 0, 0.0807902, 0.0542509, 0.21902, 48.35
64.3321, -168.555, 29.1371, 0, 0.08099, 0.0546409, 0.219201, 48.375
63.3607, -168.68, 28.1919, 0, 0.0811898, 0.0550309, 0.219382, 48.4
63.0292, -168.722, 27.8692, 0, 0.0812571, 0.0551621, 0.219443, 48.4084
63.1273, -168.905, 28.0465, 0, 0.0812649, 0.0554301, 0.219699, 48.425
63.2841, -169.182, 28.3224, 0, 0.0812766, 0.055834, 0.220084, 48.45
63.4508, -169.456, 28.6073, 0, 0.0812883, 0.0562346, 0.220466, 48.4748
63.4516, -169.457, 28.6084, 0, 0.081288, 0.0562383, 0.220468, 48.475
63.5622, -169.559, 28.7404, 0, 0.0812489, 0.0567079, 0.220732, 48.5
63.6751, -169.661, 28.8749, 0, 0.0812098, 0.0571774, 0.220996, 48.525
63.7507, -169.728, 28.9648, 0, 0.081184, 0.0574866, 0.22117, 48.5415
63.7764, -169.648, 28.9513, 0, 0.0811941, 0.0576225, 0.221202, 48.55
63.8511, -169.415, 28.9113, 0, 0.0812238, 0.0580202, 0.221295, 48.575
63.925, -169.183, 28.8705, 0, 0.0812535, 0.058418, 0.221388, 48.6
63.9496, -169.105, 28.8567, 0, 0.0812634, 0.0585512, 0.221419, 48.6084
63.8228, -168.653, 28.591, 0, 0.0813482, 0.0586875, 0.221231, 48.625
63.66, -167.973, 28.2193, 0, 0.0814756, 0.0588925, 0.220948, 48.65
63.5269, -167.298, 27.8787, 0, 0.081602, 0.0590957, 0.220667, 48.6748
63.5303, -167.288, 27.8807, 0, 0.081603, 0.059097, 0.220665, 48.675
63.916, -166.066, 28.0994, 0, 0.0817263, 0.0592499, 0.220454, 48.7
64.2533, -164.843, 28.2694, 0, 0.0818495, 0.0594029, 0.220243, 48.725
64.4566, -164.029, 28.361, 0, 0.0819316, 0.0595047, 0.220103, 48.7416
64.6354, -163.581, 28.5355, 0, 0.0819302, 0.0595215, 0.220154, 48.75
65.1174, -162.241, 29.0048, 0, 0.0819262, 0.0595719, 0.220306, 48.775
65.5331, -160.899, 29.4077, 0, 0.0819221, 0.0596222, 0.220459, 48.8
65.6607, -160.447, 29.531, 0, 0.0819207, 0.0596391, 0.22051, 48.8084
66.3245, -159.844, 30.188, 0, 0.0818421, 0.0596358, 0.22102, 48.825
67.2547, -158.93, 31.1079, 0, 0.0817236, 0.0596307, 0.221787, 48.85
68.0983, -158.023, 31.9413, 0, 0.0816065, 0.0596258, 0.222545, 48.8747
68.1051, -158.013, 31.9482, 0, 0.081604, 0.0596251, 0.222558, 48.875
68.6268, -157.252, 32.4729, 0, 0.0814054, 0.0595764, 0.223549, 48.9
69.115, -156.49, 32.9642, 0, 0.0812068, 0.0595277, 0.22454, 48.925
69.4236, -155.98, 33.2749, 0, 0.0810742, 0.0594952, 0.225201, 48.9417
69.5638, -155.777, 33.4215, 0, 0.0810162, 0.0594614, 0.225505, 48.95
69.9711, -155.166, 33.8482, 0, 0.0808418, 0.05936, 0.226417, 48.975
70.3586, -154.555, 34.2552, 0, 0.0806675, 0.0592585, 0.227329, 49
70.4832, -154.351, 34.3863, 0, 0.0806095, 0.0592247, 0.227633, 49.0083
70.6814, -154.065, 34.5989, 0, 0.0805607, 0.0591097, 0.228141, 49.025
70.9699, -153.636, 34.9092, 0, 0.0804877, 0.0589374, 0.228903, 49.05
71.2491, -153.207, 35.2101, 0, 0.0804146, 0.058765, 0.229666, 49.075
71.2498, -153.206, 35.2109, 0, 0.0804144, 0.0587645, 0.229668, 49.0751
71.4065, -152.733, 35.3748, 0, 0.0804638, 0.058574, 0.230019, 49.1
71.5582, -152.258, 35.5339, 0, 0.0805133, 0.0583828, 0.230371, 49.125
71.6546, -151.947, 35.6351, 0, 0.0805456, 0.0582579, 0.230601, 49.1413
71.7636, -151.725, 35.7604, 0, 0.0806344, 0.0581836, 0.230674, 49.15
72.0686, -151.083, 36.1126, 0, 0.0808911, 0.0579689, 0.230884, 49.175
72.3595, -150.44, 36.4509, 0, 0.0811477, 0.0577542, 0.231093, 49.2
72.453, -150.227, 36.5601, 0, 0.0812327, 0.0576831, 0.231163, 49.2083
72.4767, -149.738, 36.614, 0, 0.0814692, 0.0575319, 0.231093, 49.225
72.51, -149.006, 36.6926, 0, 0.081823, 0.0573059, 0.230987, 49.25
72.5402, -148.284, 36.7677, 0, 0.0821721, 0.0570828, 0.230883, 49.2747
72.539, -148.274, 36.7665, 0, 0.082177, 0.0570798, 0.230881, 49.275
72.4481, -147.565, 36.6818, 0, 0.0825506, 0.0568525, 0.230657, 49.3
72.3608, -146.855, 36.6008, 0, 0.0829241, 0.0566252, 0.230434, 49.325
72.3051, -146.388, 36.5493, 0, 0.0831704, 0.0564754, 0.230287, 49.3415
72.3116, -146.18, 36.5679, 0, 0.0832658, 0.0564302, 0.230251, 49.35
72.3296, -145.57, 36.6216, 0, 0.0835457, 0.0562975, 0.230147, 49.375
72.3463, -144.959, 36.6742, 0, 0.0838256, 0.0561649, 0.230043, 49.4
72.3516, -144.757, 36.6913, 0, 0.0839183, 0.056121, 0.230009, 49.4083
72.4589, -144.5, 36.8551, 0, 0.0840762, 0.0561506, 0.230008, 49.425
72.6159, -144.116, 37.0965, 0, 0.0843122, 0.0561949, 0.230008, 49.45
72.7687, -143.731, 37.334, 0, 0.0845483, 0.0562392, 0.230007, 49.475
72.7689, -143.731, 37.3344, 0, 0.0845486, 0.0562393, 0.230007, 49.475
72.9003, -143.485, 37.588, 0, 0.0847066, 0.0564997, 0.230005, 49.5
73.0293, -143.238, 37.8396, 0, 0.0848648, 0.0567605, 0.230003, 49.525
73.1128, -143.075, 38.0038, 0, 0.0849689, 0.0569321, 0.230001, 49.5414
73.1156, -142.971, 38.0599, 0, 0.0850121, 0.0570738, 0.230015, 49.55
73.1227, -142.668, 38.2231, 0, 0.0851382, 0.057488, 0.230056, 49.575
73.1284, -142.365, 38.3852, 0, 0.0852644, 0.0579022, 0.230097, 49.6
73.13, -142.264, 38.4391, 0, 0.0853066, 0.0580407, 0.230111, 49.6084
73.1397, -142.08, 38.5103, 0, 0.0853551, 0.0582983, 0.230157, 49.625
73.1535, -141.804, 38.6167, 0, 0.0854279, 0.0586853, 0.230226, 49.65
73.1662, -141.53, 38.7213, 0, 0.0855, 0.0590686, 0.230295, 49.6748
73.166, -141.527, 38.7218, 0, 0.0855009, 0.0590718, 0.230295, 49.675
73.1429, -141.208, 38.7749, 0, 0.0855933, 0.0593936, 0.230361, 49.7
73.1195, -140.889, 38.8279, 0, 0.0856857, 0.0597154, 0.230427, 49.725
73.1041, -140.681, 38.8624, 0, 0.085746, 0.0599253, 0.23047, 49.7413
73.1641, -140.564, 38.9314, 0, 0.0858464, 0.0600165, 0.230492, 49.75
73.3346, -140.228, 39.1279, 0, 0.0861352, 0.0602785, 0.230557, 49.775
73.5021, -139.892, 39.3215, 0, 0.0864239, 0.0605405, 0.230623, 49.8
73.557, -139.78, 39.3851, 0, 0.0865197, 0.0606274, 0.230644, 49.8083
73.6526, -139.586, 39.4959, 0, 0.0868493, 0.0607748, 0.230541, 49.825
73.7938, -139.294, 39.6599, 0, 0.0873425, 0.0609953, 0.230387, 49.85
73.9314, -139.006, 39.82, 0, 0.0878302, 0.0612134, 0.230235, 49.8747
73.9326, -139.003, 39.8215, 0, 0.0878373, 0.0612164, 0.230232, 49.875
74.042, -138.733, 39.9549, 0, 0.0884636, 0.0614894, 0.229939, 49.9
74.1498, -138.462, 40.0868, 0, 0.0890899, 0.0617624, 0.229646, 49.925
74.2199, -138.284, 40.1728, 0, 0.0895018, 0.061942, 0.229453, 49.9414
74.2885, -138.188, 40.2643, 0, 0.0897516, 0.0620911, 0.229354, 49.95
74.4868, -137.905, 40.5298, 0, 0.0904817, 0.0625268, 0.229066, 49.975
74.682, -137.622, 40.7924, 0, 0.0912118, 0.0629625, 0.228777, 50
74.7456, -137.529, 40.8781, 0, 0.0914518, 0.0631057, 0.228683, 50.0082
74.8537, -137.345, 41.0573, 0, 0.0919621, 0.0635399, 0.228469, 50.025
75.0124, -137.071, 41.3222, 0, 0.0927222, 0.0641868, 0.22815, 50.05
75.1674, -136.799, 41.5827, 0, 0.0934768, 0.0648289, 0.227833, 50.0748
75.1689, -136.797, 41.5852, 0, 0.0934833, 0.0648354, 0.227833, 50.075
75.3674, -136.594, 41.9249, 0, 0.0943522, 0.0657055, 0.227798, 50.1
75.5635, -136.39, 42.2622, 0, 0.0952212, 0.0665756, 0.227762, 50.125
75.6907, -136.256, 42.4822, 0, 0.0957909, 0.0671461, 0.227739, 50.1414
75.726, -136.176, 42.5587, 0, 0.0960852, 0.067505, 0.227686, 50.15
75.8272, -135.946, 42.78, 0, 0.0969401, 0.0685476, 0.227531, 50.175
75.9268, -135.715, 42.9998, 0, 0.0977949, 0.0695902, 0.227377, 50.2
75.9585, -135.641, 43.0704, 0, 0.0980705, 0.0699263, 0.227327, 50.2081
75.9814, -135.495, 43.1661, 0, 0.0987186, 0.0707522, 0.227292, 50.225
76.0144, -135.28, 43.3067, 0, 0.0996751, 0.0719711, 0.227239, 50.25
76.0462, -135.067, 43.4454, 0, 0.100624, 0.0731798, 0.227188, 50.2748
76.0476, -135.066, 43.4482, 0, 0.100633, 0.0731901, 0.22719, 50.275
76.2147, -134.951, 43.7829, 0, 0.101735, 0.0744307, 0.227425, 50.3
76.3806, -134.835, 44.1165, 0, 0.102837, 0.0756712, 0.227659, 50.325
76.49, -134.758, 44.3375, 0, 0.10357, 0.0764952, 0.227815, 50.3416
76.5104, -134.754, 44.3904, 0, 0.103908, 0.0768198, 0.227894, 50.35
76.571, -134.741, 44.5481, 0, 0.104917, 0.0777868, 0.228129, 50.375
76.6315, -134.729, 44.7056, 0, 0.105926, 0.0787537, 0.228364, 50.4
76.6516, -134.724, 44.758, 0, 0.106262, 0.0790753, 0.228442, 50.4083
76.691, -134.704, 44.8415, 0, 0.10678, 0.0795805, 0.22846, 50.425
76.7498, -134.674, 44.9665, 0, 0.107557, 0.0803375, 0.228488, 50.45
76.8081, -134.644, 45.0902, 0, 0.108327, 0.0810873, 0.228515, 50.4748
76.8091, -134.645, 45.0919, 0, 0.108332, 0.0810938, 0.228515, 50.475
76.9231, -134.69, 45.2728, 0, 0.108921, 0.0817814, 0.228569, 50.5
77.0373, -134.736, 45.454, 0, 0.10951, 0.082469, 0.228623, 50.525
77.1123, -134.766, 45.5729, 0, 0.109896, 0.0829198, 0.228659, 50.5414
77.1172, -134.753, 45.5906, 0, 0.110021, 0.0831239, 0.228713, 50.55
77.1314, -134.716, 45.6419, 0, 0.110386, 0.0837168, 0.228869, 50.575
77.1455, -134.678, 45.6932, 0, 0.110751, 0.0843096, 0.229026, 50.6
77.1502, -134.665, 45.7106, 0, 0.110875, 0.0845111, 0.229079, 50.6085
77.192, -134.691, 45.7981, 0, 0.110994, 0.0848401, 0.229141, 50.625
77.2554, -134.729, 45.9307, 0, 0.111174, 0.0853385, 0.229235, 50.65
77.3187, -134.767, 46.063, 0, 0.111353, 0.085835, 0.229328, 50.6749
77.3188, -134.766, 46.0632, 0, 0.111353, 0.0858372, 0.229329, 50.675
77.3423, -134.692, 46.1243, 0, 0.111427, 0.0863824, 0.229524, 50.7
77.3656, -134.618, 46.1853, 0, 0.111501, 0.0869276, 0.229719, 50.725
77.3808, -134.569, 46.2254, 0, 0.111549, 0.0872864, 0.229847, 50.7415
77.3696, -134.545, 46.2259, 0, 0.111562, 0.0874785, 0.229932, 50.75
77.3366, -134.473, 46.2276, 0, 0.111598, 0.0880406, 0.23018, 50.775
77.3037, -134.4, 46.2293, 0, 0.111634, 0.0886027, 0.230427, 50.8
77.2927, -134.376, 46.2299, 0, 0.111646, 0.0887895, 0.23051, 50.8083
77.2364, -134.27, 46.2258, 0, 0.111616, 0.0890293, 0.230601, 50.825
77.1522, -134.111, 46.2198, 0, 0.111571, 0.0893884, 0.230736, 50.85
77.0691, -133.953, 46.2142, 0, 0.111527, 0.0897438, 0.230871, 50.8747
77.0667, -133.95, 46.2131, 0, 0.111525, 0.0897445, 0.23087, 50.875
76.8283, -133.626, 46.1054, 0, 0.111354, 0.0898147, 0.230843, 50.9
76.592, -133.302, 46.0002, 0, 0.111183, 0.0898849, 0.230816, 50.925
76.4381, -133.089, 45.9324, 0, 0.111071, 0.0899309, 0.230798, 50.9414
76.3829, -132.957, 45.9244, 0, 0.111023, 0.0898864, 0.230821, 50.95
76.2234, -132.572, 45.9022, 0, 0.110882, 0.0897569, 0.230887, 50.975
76.065, -132.188, 45.8815, 0, 0.110742, 0.0896274, 0.230953, 51
76.0111, -132.056, 45.8748, 0, 0.110694, 0.0895831, 0.230976, 51.0085
75.9577, -131.814, 45.9119, 0, 0.110612, 0.0894625, 0.23103, 51.025
75.8765, -131.447, 45.9686, 0, 0.110487, 0.0892791, 0.231112, 51.05
75.7953, -131.079, 46.0256, 0, 0.110361, 0.0890958, 0.231194, 51.075
75.7945, -131.075, 46.0262, 0, 0.11036, 0.0890939, 0.231195, 51.0753
75.7428, -130.774, 46.0813, 0, 0.110195, 0.0888625, 0.231232, 51.1
75.6904, -130.469, 46.1371, 0, 0.110028, 0.0886286, 0.231269, 51.125
75.6553, -130.265, 46.1745, 0, 0.109916, 0.0884724, 0.231294, 51.1417
75.6344, -130.179, 46.1708, 0, 0.10987, 0.0884094, 0.231314, 51.15
75.5717, -129.921, 46.1601, 0, 0.109731, 0.0882197, 0.231374, 51.175
75.5093, -129.662, 46.1498, 0, 0.109591, 0.0880301, 0.231434, 51.2
75.489, -129.578, 46.1466, 0, 0.109546, 0.0879683, 0.231453, 51.2081
75.4705, -129.437, 46.1482, 0, 0.109437, 0.0878404, 0.231474, 51.225
75.443, -129.228, 46.1506, 0, 0.109276, 0.0876507, 0.231506, 51.25
75.4157, -129.02, 46.1532, 0, 0.109116, 0.0874623, 0.231537, 51.2748
75.4154, -129.018, 46.1531, 0, 0.109115, 0.0874601, 0.231537, 51.275
75.3691, -128.773, 46.1334, 0, 0.108979, 0.0871282, 0.231454, 51.3
75.3231, -128.527, 46.1141, 0, 0.108844, 0.0867962, 0.231371, 51.325
75.2926, -128.364, 46.1014, 0, 0.108753, 0.0865754, 0.231315, 51.3416
75.2616, -128.269, 46.0761, 0, 0.108698, 0.0864585, 0.231277, 51.35
75.1696, -127.985, 46.0013, 0, 0.108532, 0.0861095, 0.231162, 51.375
75.0784, -127.701, 45.9274, 0, 0.108366, 0.0857605, 0.231047, 51.4
75.0482, -127.607, 45.9029, 0, 0.108311, 0.0856441, 0.231009, 51.4083
74.9841, -127.343, 45.8463, 0, 0.108169, 0.0854007, 0.230862, 51.425
74.8889, -126.947, 45.7624, 0, 0.107956, 0.0850356, 0.230642, 51.45
74.7958, -126.555, 45.6806, 0, 0.107745, 0.0846741, 0.230424, 51.4748
74.7954, -126.551, 45.6802, 0, 0.107742, 0.0846704, 0.230422, 51.475
74.7569, -126.145, 45.6431, 0, 0.107513, 0.084299, 0.230135, 51.5
74.7189, -125.738, 45.6064, 0, 0.107283, 0.0839276, 0.229849, 51.525
74.6933, -125.461, 45.5817, 0, 0.107126, 0.0836744, 0.229654, 51.542
74.6848, -125.383, 45.5766, 0, 0.107074, 0.0835581, 0.229596, 51.55
74.6581, -125.14, 45.5608, 0, 0.106909, 0.0831928, 0.229413, 51.575
74.6316, -124.896, 45.5452, 0, 0.106744, 0.0828275, 0.22923, 51.6
74.6229, -124.816, 45.5402, 0, 0.106689, 0.0827074, 0.22917, 51.6082
74.6784, -124.768, 45.6097, 0, 0.106632, 0.082631, 0.229212, 51.625
74.7608, -124.696, 45.7131, 0, 0.106547, 0.082517, 0.229274, 51.65
74.843, -124.624, 45.8162, 0, 0.106463, 0.0824031, 0.229337, 51.675
74.843, -124.624, 45.8163, 0, 0.106463, 0.082403, 0.229337, 51.675
74.9062, -124.562, 45.849, 0, 0.106483, 0.0823397, 0.229553, 51.7
74.9694, -124.501, 45.8816, 0, 0.106504, 0.0822764, 0.22977, 51.725
75.0112, -124.46, 45.9031, 0, 0.106518, 0.0822344, 0.229913, 51.7416
75.0324, -124.41, 45.9182, 0, 0.106535, 0.0822028, 0.230009, 51.75
75.0951, -124.263, 45.9627, 0, 0.106585, 0.0821094, 0.230292, 51.775
75.1576, -124.116, 46.007, 0, 0.106634, 0.082016, 0.230575, 51.8
75.1782, -124.067, 46.0216, 0, 0.106651, 0.081985, 0.230669, 51.8083
75.2474, -123.954, 46.1415, 0, 0.106775, 0.0820822, 0.23095, 51.825
75.3503, -123.785, 46.3202, 0, 0.10696, 0.0822276, 0.231371, 51.85
75.4513, -123.616, 46.4966, 0, 0.107143, 0.0823717, 0.231788, 51.8748
75.4518, -123.615, 46.4976, 0, 0.107145, 0.0823739, 0.23179, 51.875
75.5002, -123.474, 46.6041, 0, 0.107362, 0.0826066, 0.232062, 51.9
75.5482, -123.332, 46.7103, 0, 0.107578, 0.0828394, 0.232334, 51.925
75.5796, -123.239, 46.7799, 0, 0.10772, 0.0829924, 0.232512, 51.9414
75.5868, -123.225, 46.7903, 0, 0.107729, 0.0830363, 0.232512, 51.95
75.6079, -123.184, 46.8204, 0, 0.107754, 0.0831642, 0.232513, 51.975
75.629, -123.143, 46.8505, 0, 0.10778, 0.0832922, 0.232513, 52
75.6359, -123.129, 46.8605, 0, 0.107788, 0.0833345, 0.232513, 52.0083
75.6245, -123.186, 46.847, 0, 0.107731, 0.0833116, 0.232488, 52.025
75.6073, -123.271, 46.8269, 0, 0.107647, 0.0832773, 0.232452, 52.05
75.5902, -123.354, 46.8069, 0, 0.107563, 0.0832434, 0.232415, 52.0747
75.5909, -123.356, 46.8072, 0, 0.107561, 0.0832434, 0.232415, 52.075
75.6497, -123.517, 46.837, 0, 0.10736, 0.0832374, 0.232362, 52.1
75.7088, -123.678, 46.867, 0, 0.107159, 0.0832314, 0.23231, 52.125
75.7486, -123.786, 46.8873, 0, 0.107024, 0.0832274, 0.232275, 52.1418
75.7916, -123.882, 46.9272, 0, 0.106971, 0.083284, 0.232387, 52.15
75.9234, -124.173, 47.0497, 0, 0.10681, 0.0834563, 0.232726, 52.175
76.0564, -124.464, 47.1734, 0, 0.106648, 0.0836286, 0.233066, 52.2
76.1013, -124.562, 47.2152, 0, 0.106594, 0.0836864, 0.23318, 52.2084
76.1966, -124.759, 47.3191, 0, 0.106445, 0.083752, 0.233577, 52.225
76.3414, -125.056, 47.4767, 0, 0.106222, 0.0838508, 0.234174, 52.25
76.4869, -125.351, 47.6349, 0, 0.105999, 0.083949, 0.234768, 52.2749
76.4884, -125.352, 47.6365, 0, 0.105998, 0.0839481, 0.234773, 52.275
76.76, -125.684, 47.9419, 0, 0.105802, 0.0837889, 0.235641, 52.3
77.035, -126.014, 48.2505, 0, 0.105607, 0.0836296, 0.23651, 52.325
77.2196, -126.233, 48.4576, 0, 0.105477, 0.0835237, 0.237087, 52.3416
77.2879, -126.403, 48.5381, 0, 0.105383, 0.0834678, 0.237428, 52.35
77.4945, -126.91, 48.781, 0, 0.105104, 0.0833009, 0.238445, 52.375
77.7051, -127.416, 49.0278, 0, 0.104825, 0.083134, 0.239462, 52.4
77.7756, -127.584, 49.1103, 0, 0.104733, 0.0830788, 0.239798, 52.4083
77.8369, -127.884, 49.258, 0, 0.104456, 0.0829021, 0.240456, 52.425
77.9308, -128.334, 49.4805, 0, 0.104041, 0.0826381, 0.24144, 52.45
78.0268, -128.779, 49.7038, 0, 0.10363, 0.082376, 0.242417, 52.4748
78.0275, -128.782, 49.706, 0, 0.103627, 0.0823749, 0.242424, 52.475
78.1251, -129.119, 50.0071, 0, 0.103282, 0.0822233, 0.243446, 52.5
78.2255, -129.456, 50.3105, 0, 0.102937, 0.0820716, 0.244467, 52.525
78.293, -129.678, 50.5113, 0, 0.10271, 0.0819718, 0.245139, 52.5414
78.3383, -129.788, 50.629, 0, 0.102595, 0.0819351, 0.245429, 52.55
78.4729, -130.108, 50.9747, 0, 0.102259, 0.0818276, 0.246278, 52.575
78.6107, -130.428, 51.3231, 0, 0.101922, 0.0817201, 0.247126, 52.6
78.6566, -130.533, 51.438, 0, 0.101812, 0.0816848, 0.247405, 52.6082
78.8718, -130.792, 51.8335, 0, 0.101585, 0.0815806, 0.247972, 52.625
79.1981, -131.176, 52.4275, 0, 0.101246, 0.0814255, 0.248817, 52.65
79.5284, -131.554, 53.022, 0, 0.100911, 0.0812719, 0.249654, 52.6748
79.5302, -131.558, 53.0254, 0, 0.100905, 0.0812682, 0.24966, 52.675
79.7193, -131.954, 53.3779, 0, 0.100256, 0.0808832, 0.250284, 52.7
79.9129, -132.349, 53.7343, 0, 0.0996065, 0.0804983, 0.250907, 52.725
80.0419, -132.607, 53.9694, 0, 0.0991823, 0.0802468, 0.251314, 52.7413
80.1072, -132.749, 54.1023, 0, 0.0989049, 0.0801368, 0.251579, 52.75
80.2988, -133.158, 54.4886, 0, 0.0981042, 0.0798194, 0.252344, 52.775
80.4955, -133.566, 54.8795, 0, 0.0973034, 0.0795021, 0.253108, 52.8
80.5621, -133.702, 55.0106, 0, 0.0970369, 0.0793964, 0.253363, 52.8083
80.6563, -133.857, 55.2153, 0, 0.0965621, 0.079219, 0.254, 52.825
80.7995, -134.089, 55.5238, 0, 0.0958505, 0.0789531, 0.254955, 52.85
80.9429, -134.318, 55.8301, 0, 0.0951486, 0.0786908, 0.255896, 52.8747
80.9433, -134.322, 55.8324, 0, 0.0951362, 0.078686, 0.255907, 52.875
80.9699, -134.609, 56.0025, 0, 0.094226, 0.0783338, 0.256667, 52.9
80.9979, -134.896, 56.1736, 0, 0.0933159, 0.0779817, 0.257427, 52.925
81.0173, -135.088, 56.2882, 0, 0.0927094, 0.077747, 0.257934, 52.9417
81.0965, -135.232, 56.452, 0, 0.0924078, 0.0776046, 0.258217, 52.95
81.3386, -135.664, 56.947, 0, 0.0915036, 0.0771777, 0.259066, 52.975
81.5879, -136.094, 57.4485, 0, 0.0905995, 0.0767508, 0.259916, 53
81.671, -136.234, 57.6139, 0, 0.090304, 0.0766112, 0.260193, 53.0082
81.9534, -136.669, 58.1632, 0, 0.0896851, 0.0763564, 0.260912, 53.025
82.3886, -137.311, 58.9934, 0, 0.0887657, 0.0759778, 0.26198, 53.05
82.8429, -137.949, 59.841, 0, 0.0878462, 0.0755992, 0.263047, 53.075
82.8458, -137.952, 59.8462, 0, 0.0878406, 0.0755968, 0.263054, 53.0752
83.0864, -138.921, 60.5087, 0, 0.086874, 0.0752575, 0.264552, 53.1
83.3508, -139.893, 61.195, 0, 0.0859015, 0.0749162, 0.266059, 53.125
83.5428, -140.548, 61.6703, 0, 0.0852449, 0.0746857, 0.267077, 53.1419
83.6659, -140.92, 62.0033, 0, 0.0848464, 0.0744961, 0.267634, 53.15
84.0733, -142.061, 63.0541, 0, 0.0836196, 0.0739124, 0.269351, 53.175
84.5263, -143.198, 64.1461, 0, 0.0823928, 0.0733287, 0.271068, 53.2
84.6859, -143.571, 64.5147, 0, 0.0819895, 0.0731368, 0.271632, 53.2082
85.1118, -144.426, 65.5959, 0, 0.0811281, 0.0726094, 0.273008, 53.225
85.8163, -145.69, 67.2706, 0, 0.0798448, 0.0718239, 0.275057, 53.25
86.6016, -146.926, 69.0079, 0, 0.078577, 0.0710478, 0.277082, 53.2747
86.6083, -146.941, 69.0289, 0, 0.0785571, 0.0710388, 0.277107, 53.275
87.2076, -148.137, 70.8074, 0, 0.0769119, 0.0702977, 0.279203, 53.3
87.9002, -149.322, 72.6722, 0, 0.0752667, 0.0695565, 0.281298, 53.325
88.4097, -150.093, 73.9467, 0, 0.0741878, 0.0690705, 0.282672, 53.3414
88.7823, -150.569, 74.6523, 0, 0.0735972, 0.0688014, 0.283244, 53.35
89.9679, -151.94, 76.801, 0, 0.0718816, 0.0680196, 0.284904, 53.375
91.3225, -153.288, 79.1129, 0, 0.070166, 0.0672379, 0.286564, 53.4
91.8035, -153.721, 79.9043, 0, 0.0696077, 0.0669835, 0.287104, 53.4081
91.9167, -154.556, 80.4158, 0, 0.0682319, 0.0663608, 0.288091, 53.425
92.1246, -155.792, 81.2118, 0, 0.0661924, 0.0654378, 0.289554, 53.45
92.3833, -157.012, 82.0486, 0, 0.0641788, 0.0645265, 0.290998, 53.4747
92.3882, -157.03, 82.0592, 0, 0.0641531, 0.06451, 0.291008, 53.475
92.8129, -158.448, 82.9404, 0, 0.062126, 0.0632077, 0.291782, 53.5
93.3294, -159.864, 83.9112, 0, 0.0600989, 0.0619054, 0.292556, 53.525
93.7267, -160.788, 84.6048, 0, 0.058772, 0.0610529, 0.293063, 53.5414
93.8003, -161.162, 84.8246, 0, 0.0581009, 0.0605277, 0.293139, 53.55
94.0484, -162.245, 85.4953, 0, 0.0561581, 0.0590072, 0.293359, 53.575
94.3562, -163.326, 86.2244, 0, 0.0542153, 0.0574867, 0.293578, 53.6
94.4706, -163.676, 86.475, 0, 0.0535862, 0.0569943, 0.29365, 53.6081
94.6368, -164.373, 86.906, 0, 0.0521347, 0.0558121, 0.293433, 53.625
94.935, -165.404, 87.595, 0, 0.049988, 0.0540637, 0.293111, 53.65
95.3081, -166.433, 88.3581, 0, 0.0478414, 0.0523154, 0.29279, 53.675
95.7744, -167.461, 89.2135, 0, 0.0456947, 0.050567, 0.292469, 53.7
95.9781, -167.846, 89.563, 0, 0.0448894, 0.0499112, 0.292348, 53.7094
97.3538, -168.571, 91.113, 0, 0.0432878, 0.0485523, 0.292006, 53.725
99.979, -169.711, 94.0168, 0, 0.0407248, 0.0463775, 0.291457, 53.75
103.281, -170.822, 97.5972, 0, 0.0381618, 0.0442028, 0.290908, 53.775
107.509, -171.891, 102.102, 0, 0.0355987, 0.0420281, 0.29036, 53.8
109.157, -172.231, 103.842, 0, 0.034756, 0.041313, 0.290179, 53.8082
113.992, -172.804, 108.876, 0, 0.0329107, 0.0398124, 0.290343, 53.825
122.707, -173.539, 117.886, 0, 0.0301614, 0.0375767, 0.290586, 53.85
133.199, -174.077, 128.67, 0, 0.0274494, 0.0353713, 0.290826, 53.8747
133.35, -174.096, 128.824, 0, 0.0274138, 0.0353406, 0.290819, 53.875
147.579, -175.31, 143.307, 0, 0.0247906, 0.0330743, 0.290254, 53.9
169.25, -176.059, 165.232, 0, 0.0221673, 0.030808, 0.28969, 53.925
6.34856, 176.157, 2.49465, 0, 0.0204574, 0.0293308, 0.289322, 53.9413
14.8495, 176.101, 11.0933, 0, 0.0195558, 0.028708, 0.289204, 53.95
36.1285, 175.506, 32.6529, 0, 0.0169662, 0.026919, 0.288865, 53.975
50.877, 174.457, 47.6822, 0, 0.0143767, 0.02513, 0.288527, 54
60.4567, 173.159, 57.543, 0, 0.0117872, 0.0233411, 0.288189, 54.025
64.968, 172.214, 62.2421, 0, 0.0100582, 0.0221466, 0.287963, 54.0417
65.3726, 171.89, 62.7429, 0, 0.00907847, 0.0216041, 0.287766, 54.05
66.3951, 170.912, 64.0555, 0, 0.00613041, 0.0199717, 0.287175, 54.075
67.1908, 169.932, 65.1415, 0, 0.00318235, 0.0183392, 0.286583, 54.1
67.8195, 168.949, 66.061, 0, 0.000234287, 0.0167068, 0.285991, 54.125
68.1679, 168.29, 66.6043, 0, -0.00173938, 0.0156139, 0.285595, 54.1417
69.122, 168.009, 67.6574, 0, -0.00267629, 0.0150823, 0.285245, 54.15
71.7385, 167.138, 70.5737, 0, -0.00551094, 0.0134739, 0.284183, 54.175
74.0004, 166.241, 73.136, 0, -0.00834559, 0.0118654, 0.283121, 54.2
74.6612, 165.949, 73.8934, 0, -0.00925586, 0.011349, 0.282781, 54.208
74.9299, 165.451, 74.2973, 0, -0.0110209, 0.0101894, 0.282154, 54.225
75.2858, 164.718, 74.8528, 0, -0.0136208, 0.0084813, 0.281232, 54.25
75.596, 163.994, 75.3602, 0, -0.0161849, 0.00679673, 0.280322, 54.2747
75.6041, 163.986, 75.3702, 0, -0.0162151, 0.00677924, 0.280302, 54.275
76.1699, 163.372, 76.0707, 0, -0.0184099, 0.00550823, 0.278826, 54.3
76.6908, 162.756, 76.7265, 0, -0.0206047, 0.00423723, 0.27735, 54.325
77.0121, 162.349, 77.1368, 0, -0.0220525, 0.00339882, 0.276376, 54.3415
77.1023, 162.118, 77.2411, 0, -0.0227923, 0.00305782, 0.276096, 54.35
77.3535, 161.44, 77.5336, 0, -0.0249658, 0.00205593, 0.275273, 54.375
77.5857, 160.761, 77.8071, 0, -0.0271394, 0.00105404, 0.274449, 54.4
77.8007, 160.082, 78.0635, 0, -0.029313, 5.21497e-05, 0.273626, 54.425
77.9339, 159.634, 78.2241, 0, -0.0307456, -0.000608176, 0.273083, 54.4415
78.1175, 159.305, 78.4326, 0, -0.0314133, -0.000898862, 0.272895, 54.45
78.6218, 158.34, 79.0103, 0, -0.0333718, -0.00175151, 0.272342, 54.475
79.0803, 157.372, 79.5425, 0, -0.0353303, -0.00260416, 0.271789, 54.5
79.2192, 157.06, 79.7053, 0, -0.0359615, -0.00287896, 0.27161, 54.5081
79.3224, 156.242, 79.9305, 0, -0.0370307, -0.00331941, 0.271633, 54.525
79.4548, 155.035, 80.2437, 0, -0.0386085, -0.00396932, 0.271667, 54.55
79.5666, 153.828, 80.5372, 0, -0.0401862, -0.00461922, 0.2717, 54.575
79.6604, 152.62, 80.8135, 0, -0.0417639, -0.00526913, 0.271734, 54.6
79.687, 152.233, 80.8988, 0, -0.0422699, -0.00547757, 0.271745, 54.608
79.3741, 151.433, 80.798, 0, -0.0429519, -0.00586443, 0.272004, 54.625
78.9325, 150.254, 80.6701, 0, -0.0439559, -0.00643395, 0.272386, 54.65
78.5112, 149.076, 80.5643, 0, -0.04496, -0.00700347, 0.272768, 54.675
78.108, 147.897, 80.4784, 0, -0.045964, -0.00757298, 0.27315, 54.7
77.9823, 147.519, 80.4547, 0, -0.0462856, -0.00775541, 0.273272, 54.708
77.7845, 146.731, 80.4481, 0, -0.0469555, -0.00793388, 0.273412, 54.725
77.5009, 145.573, 80.4475, 0, -0.0479411, -0.00819646, 0.273617, 54.75
77.2282, 144.426, 80.4565, 0, -0.0489169, -0.0084564, 0.273821, 54.7747
77.2281, 144.418, 80.4582, 0, -0.0489251, -0.00845616, 0.273817, 54.775
77.2226, 143.621, 80.6227, 0, -0.0497441, -0.00843239, 0.273412, 54.8
77.2134, 142.824, 80.7842, 0, -0.0505631, -0.00840861, 0.273007, 54.825
77.2053, 142.291, 80.8908, 0, -0.0511109, -0.00839271, 0.272736, 54.8417
77.2482, 142.125, 80.9568, 0, -0.0515026, -0.00833464, 0.272564, 54.85
77.3751, 141.624, 81.1535, 0, -0.0526854, -0.00815928, 0.272043, 54.875
77.4978, 141.122, 81.3462, 0, -0.0538682, -0.00798391, 0.271523, 54.9
77.5385, 140.952, 81.4106, 0, -0.054269, -0.00792449, 0.271347, 54.9085
77.586, 140.688, 81.4495, 0, -0.0552122, -0.00776876, 0.270958, 54.925
77.6567, 140.288, 81.5071, 0, -0.0566388, -0.00753321, 0.270371, 54.95
77.7255, 139.892, 81.5629, 0, -0.0580497, -0.00730024, 0.26979, 54.9747
77.7241, 139.889, 81.5619, 0, -0.0580641, -0.00729654, 0.269786, 54.975
77.5978, 139.615, 81.4661, 0, -0.0593722, -0.00695867, 0.269374, 55
77.4729, 139.341, 81.3718, 0, -0.0606803, -0.00662081, 0.268962, 55.025
77.3908, 139.159, 81.31, 0, -0.0615478, -0.00639675, 0.268689, 55.0416
77.374, 138.986, 81.3486, 0, -0.0618345, -0.00631078, 0.268655, 55.05
77.3232, 138.473, 81.4629, 0, -0.0626855, -0.00605555, 0.268553, 55.075
77.2715, 137.96, 81.5768, 0, -0.0635366, -0.00580033, 0.268451, 55.1
77.2544, 137.793, 81.6137, 0, -0.0638131, -0.00571739, 0.268418, 55.1081
77.2641, 137.401, 81.8359, 0, -0.0640316, -0.00567273, 0.268511, 55.125
77.2743, 136.821, 82.162, 0, -0.0643553, -0.00560656, 0.268649, 55.15
77.2796, 136.241, 82.4845, 0, -0.064679, -0.0055404, 0.268787, 55.175
77.2796, 136.236, 82.4874, 0, -0.064682, -0.00553978, 0.268788, 55.1752
77.2662, 135.461, 82.8714, 0, -0.064729, -0.0055069, 0.269339, 55.2
77.2455, 134.679, 83.254, 0, -0.0647764, -0.00547372, 0.269896, 55.225
77.2282, 134.168, 83.5017, 0, -0.0648074, -0.00545201, 0.27026, 55.2414
77.2063, 133.892, 83.6016, 0, -0.0647856, -0.00538961, 0.270468, 55.25
77.1399, 133.097, 83.8886, 0, -0.0647225, -0.00520925, 0.271068, 55.275
77.069, 132.301, 84.1732, 0, -0.0646594, -0.00502888, 0.271667, 55.3
77.0451, 132.043, 84.2649, 0, -0.0646389, -0.00497042, 0.271862, 55.3081
77.0733, 131.485, 84.416, 0, -0.0646689, -0.00473575, 0.272201, 55.325
77.111, 130.658, 84.6366, 0, -0.0647133, -0.00438854, 0.272703, 55.35
77.144, 129.834, 84.8531, 0, -0.0647576, -0.0040424, 0.273203, 55.3749
77.1445, 129.832, 84.8537, 0, -0.0647581, -0.00404128, 0.273203, 55.375
77.3045, 129.152, 85.0518, 0, -0.064923, -0.00367737, 0.27298, 55.4
77.4599, 128.472, 85.2456, 0, -0.0650878, -0.00331345, 0.272756, 55.425
77.5594, 128.025, 85.3704, 0, -0.065196, -0.00307476, 0.27261, 55.4414
77.6488, 127.875, 85.4648, 0, -0.065279, -0.00298248, 0.272402, 55.45
77.9058, 127.435, 85.7365, 0, -0.0655203, -0.00271431, 0.271796, 55.475
78.1587, 126.995, 86.0041, 0, -0.0657615, -0.00244613, 0.27119, 55.5
78.2447, 126.844, 86.0952, 0, -0.0658445, -0.00235394, 0.270982, 55.5086
78.4124, 126.551, 86.2608, 0, -0.0659984, -0.00220853, 0.270697, 55.525
78.6648, 126.105, 86.5099, 0, -0.0662331, -0.00198695, 0.270262, 55.55
78.913, 125.659, 86.7547, 0, -0.0664673, -0.00176573, 0.269828, 55.575
78.9132, 125.658, 86.755, 0, -0.0664676, -0.00176553, 0.269828, 55.575
79.0154, 125.109, 86.91, 0, -0.0666437, -0.0016463, 0.26951, 55.6
79.1152, 124.56, 87.0627, 0, -0.0668199, -0.00152707, 0.269191, 55.625
79.1793, 124.199, 87.1617, 0, -0.0669355, -0.00144886, 0.268983, 55.6414
79.111, 124.009, 87.1406, 0, -0.0669844, -0.00143986, 0.269008, 55.65
78.9139, 123.454, 87.0809, 0, -0.0671267, -0.00141368, 0.26908, 55.675
78.7187, 122.899, 87.0239, 0, -0.067269, -0.0013875, 0.269152, 55.7
78.6559, 122.719, 87.006, 0, -0.0673151, -0.00137903, 0.269175, 55.7081
78.4643, 122.398, 86.9757, 0, -0.0672207, -0.00143154, 0.269186, 55.725
78.1826, 121.923, 86.9334, 0, -0.0670811, -0.00150921, 0.269202, 55.75
77.9027, 121.448, 86.894, 0, -0.0669414, -0.00158689, 0.269218, 55.775
77.9017, 121.446, 86.8939, 0, -0.0669409, -0.00158715, 0.269218, 55.7751
77.7768, 121.186, 86.9296, 0, -0.0666869, -0.00170847, 0.268992, 55.8
77.6516, 120.925, 86.9659, 0, -0.066432, -0.0018302, 0.268765, 55.825
77.5696, 120.754, 86.9901, 0, -0.0662648, -0.00191006, 0.268616, 55.8414
77.6101, 120.726, 87.045, 0, -0.066227, -0.0018398, 0.268468, 55.85
77.7277, 120.644, 87.2044, 0, -0.0661169, -0.00163553, 0.26804, 55.875
77.845, 120.562, 87.3635, 0, -0.0660069, -0.00143126, 0.267612, 55.9
77.8844, 120.534, 87.4171, 0, -0.0659697, -0.00136231, 0.267467, 55.9084
77.9876, 120.51, 87.5033, 0, -0.0659591, -0.0010568, 0.267198, 55.925
78.1432, 120.472, 87.6334, 0, -0.0659431, -0.000595648, 0.266791, 55.95
78.2977, 120.435, 87.7626, 0, -0.0659272, -0.000136946, 0.266386, 55.9749
78.2978, 120.435, 87.7625, 0, -0.0659267, -0.000135408, 0.266385, 55.975
78.3162, 120.376, 87.7492, 0, -0.0658241, 0.000153731, 0.26609, 56
78.3346, 120.317, 87.736, 0, -0.0657215, 0.000442871, 0.265796, 56.025
78.3468, 120.278, 87.7272, 0, -0.0656534, 0.000634559, 0.265601, 56.0416
78.3338, 120.244, 87.7179, 0, -0.0655595, 0.000731992, 0.265464, 56.05
78.2952, 120.145, 87.6906, 0, -0.0652809, 0.00102108, 0.265056, 56.075
78.2567, 120.045, 87.6633, 0, -0.0650022, 0.00131016, 0.264648, 56.1
78.2443, 120.013, 87.6545, 0, -0.0649119, 0.00140387, 0.264516, 56.1081
78.315, 119.947, 87.7682, 0, -0.0646015, 0.00155773, 0.26421, 56.125
78.4193, 119.849, 87.9362, 0, -0.0641421, 0.00178538, 0.263757, 56.15
78.5221, 119.752, 88.1022, 0, -0.0636874, 0.00201079, 0.263309, 56.1748
78.5227, 119.752, 88.1033, 0, -0.0636827, 0.00201269, 0.263305, 56.175
78.584, 119.684, 88.2188, 0, -0.0632112, 0.00220527, 0.262854, 56.2
78.6452, 119.617, 88.3341, 0, -0.0627397, 0.00239785, 0.262404, 56.225
78.6852, 119.572, 88.4097, 0, -0.0624305, 0.00252415, 0.262109, 56.2414
78.7066, 119.54, 88.4416, 0, -0.0622836, 0.00255844, 0.261946, 56.25
78.7688, 119.444, 88.534, 0, -0.0618567, 0.0026581, 0.261472, 56.275
78.8308, 119.348, 88.6263, 0, -0.0614298, 0.00275775, 0.260998, 56.3
78.8505, 119.318, 88.6558, 0, -0.0612932, 0.00278964, 0.260847, 56.308
78.8927, 119.294, 88.7385, 0, -0.0609925, 0.00277928, 0.26054, 56.325
78.9547, 119.259, 88.8602, 0, -0.0605502, 0.00276405, 0.260089, 56.35
79.0161, 119.225, 88.9809, 0, -0.0601111, 0.00274893, 0.259641, 56.3748
79.0162, 119.225, 88.9826, 0, -0.0601087, 0.00274832, 0.25964, 56.375
79.0369, 119.276, 89.2239, 0, -0.0597554, 0.00266134, 0.259517, 56.4
79.0578, 119.326, 89.4655, 0, -0.0594021, 0.00257435, 0.259395, 56.425
79.0719, 119.359, 89.6264, 0, -0.0591669, 0.00251644, 0.259313, 56.4416
79.0549, 119.359, 89.6861, 0, -0.0590264, 0.00244651, 0.259313, 56.45
79.0039, 119.356, 89.865, 0, -0.0586061, 0.00223727, 0.259315, 56.475
78.953, 119.354, 90.0438, 0, -0.0581858, 0.00202803, 0.259317, 56.5
78.9352, 119.353, 90.1063, 0, -0.0580391, 0.001955, 0.259318, 56.5087
78.8705, 119.338, 90.1371, 0, -0.0578371, 0.00190639, 0.259581, 56.525
78.7711, 119.314, 90.1845, 0, -0.0575268, 0.00183172, 0.259985, 56.55
78.672, 119.291, 90.2317, 0, -0.0572174, 0.00175727, 0.260388, 56.5749
78.6716, 119.291, 90.2315, 0, -0.0572168, 0.00175741, 0.260389, 56.575
78.5419, 119.248, 90.1663, 0, -0.0570335, 0.00180368, 0.2606, 56.6
78.4123, 119.205, 90.1013, 0, -0.0568501, 0.00184996, 0.260812, 56.625
78.3271, 119.177, 90.0585, 0, -0.0567294, 0.00188041, 0.260951, 56.6415
78.3158, 119.167, 90.0499, 0, -0.0566742, 0.00188023, 0.260964, 56.65
78.2826, 119.138, 90.0246, 0, -0.0565127, 0.00187968, 0.261002, 56.675
78.2494, 119.108, 89.9994, 0, -0.0563512, 0.00187914, 0.26104, 56.7
78.2385, 119.099, 89.9911, 0, -0.0562979, 0.00187896, 0.261053, 56.7082
78.2474, 119.133, 90.0373, 0, -0.05618, 0.00192645, 0.261066, 56.725
78.2607, 119.184, 90.1062, 0, -0.0560042, 0.00199728, 0.261085, 56.75
78.2741, 119.234, 90.1751, 0, -0.0558283, 0.00206812, 0.261104, 56.775
78.2742, 119.235, 90.1756, 0, -0.0558271, 0.00206863, 0.261104, 56.7752
78.3994, 119.279, 90.2505, 0, -0.0556959, 0.00205865, 0.260838, 56.8
78.5256, 119.324, 90.326, 0, -0.0555637, 0.00204861, 0.26057, 56.825
78.6085, 119.353, 90.3757, 0, -0.0554769, 0.00204201, 0.260394, 56.8414
78.6585, 119.387, 90.3987, 0, -0.055465, 0.00210615, 0.260311, 56.85
78.8042, 119.487, 90.4661, 0, -0.0554305, 0.00229302, 0.26007, 56.875
78.9502, 119.587, 90.5339, 0, -0.055396, 0.00247988, 0.259828, 56.9
78.998, 119.619, 90.5561, 0, -0.0553847, 0.00254101, 0.259749, 56.9082
79.108, 119.726, 90.6056, 0, -0.0555044, 0.00264984, 0.259792, 56.925
79.2718, 119.884, 90.6796, 0, -0.0556823, 0.00281158, 0.259855, 56.95
79.4353, 120.041, 90.7539, 0, -0.0558594, 0.00297248, 0.259919, 56.9749
79.4357, 120.041, 90.754, 0, -0.0558613, 0.00297234, 0.25992, 56.975
79.5144, 120.13, 90.7844, 0, -0.0562422, 0.00294605, 0.260106, 57
79.5932, 120.219, 90.8149, 0, -0.0566231, 0.00291977, 0.260293, 57.025
79.6458, 120.279, 90.8354, 0, -0.0568768, 0.00290226, 0.260417, 57.0416
79.6142, 120.294, 90.7929, 0, -0.0570491, 0.00291232, 0.260614, 57.05
79.5197, 120.339, 90.6655, 0, -0.057565, 0.00294243, 0.261201, 57.075
79.425, 120.383, 90.5381, 0, -0.0580808, 0.00297253, 0.261789, 57.1
79.3943, 120.398, 90.4968, 0, -0.0582476, 0.00298227, 0.261979, 57.1081
79.3227, 120.427, 90.4238, 0, -0.0586355, 0.00304757, 0.262539, 57.125
79.2167, 120.469, 90.3158, 0, -0.0592087, 0.00314408, 0.263368, 57.15
79.1115, 120.511, 90.2085, 0, -0.0597773, 0.00323979, 0.264189, 57.1748
79.111, 120.511, 90.2085, 0, -0.0597815, 0.00324088, 0.264196, 57.175
79.0576, 120.573, 90.2104, 0, -0.0602992, 0.00337204, 0.264961, 57.2
79.0042, 120.635, 90.2121, 0, -0.0608168, 0.0035032, 0.265726, 57.225
78.9687, 120.676, 90.2133, 0, -0.0611612, 0.00359047, 0.266235, 57.2416
78.976, 120.715, 90.2328, 0, -0.0613422, 0.0036334, 0.26655, 57.25
78.9982, 120.828, 90.2911, 0, -0.0618832, 0.00376171, 0.267489, 57.275
79.0205, 120.942, 90.3496, 0, -0.0624241, 0.00389002, 0.268429, 57.3
79.0278, 120.979, 90.3686, 0, -0.0625991, 0.00393154, 0.268733, 57.3081
79.0123, 121.064, 90.3694, 0, -0.0631253, 0.00403424, 0.269356, 57.325
78.9894, 121.189, 90.3706, 0, -0.0639032, 0.00418606, 0.270276, 57.35
78.9666, 121.314, 90.3717, 0, -0.0646793, 0.00433754, 0.271195, 57.3749
78.9667, 121.315, 90.3717, 0, -0.0646815, 0.00433763, 0.271196, 57.375
79.0218, 121.371, 90.3824, 0, -0.0656769, 0.00437974, 0.271761, 57.4
79.0769, 121.427, 90.3931, 0, -0.0666723, 0.00442185, 0.272326, 57.425
79.113, 121.463, 90.4002, 0, -0.0673241, 0.00444943, 0.272697, 57.4414
79.1062, 121.489, 90.3825, 0, -0.0677161, 0.00446137, 0.272922, 57.45
79.0865, 121.563, 90.3311, 0, -0.0688514, 0.00449598, 0.273577, 57.475
79.0667, 121.637, 90.2797, 0, -0.0699867, 0.00453058, 0.274231, 57.5
79.0601, 121.662, 90.2628, 0, -0.0703603, 0.00454197, 0.274446, 57.5082
79.084, 121.686, 90.2557, 0, -0.0711259, 0.00453371, 0.274751, 57.525
79.1197, 121.722, 90.2451, 0, -0.0722671, 0.00452139, 0.275206, 57.55
79.1549, 121.757, 90.2347, 0, -0.0733947, 0.00450922, 0.275656, 57.5747
79.1554, 121.758, 90.235, 0, -0.0734088, 0.0045089, 0.275659, 57.575
79.2026, 121.824, 90.2608, 0, -0.0745974, 0.00448188, 0.275894, 57.6
79.2498, 121.889, 90.2868, 0, -0.0757859, 0.00445486, 0.276129, 57.625
79.2808, 121.932, 90.3039, 0, -0.0765659, 0.00443713, 0.276283, 57.6414
79.2767, 121.967, 90.2887, 0, -0.0769919, 0.00446698, 0.276424, 57.65
79.2644, 122.067, 90.2445, 0, -0.0782311, 0.0045538, 0.276831, 57.675
79.2521, 122.167, 90.2003, 0, -0.0794704, 0.00464062, 0.277238, 57.7
79.2481, 122.199, 90.1859, 0, -0.079872, 0.00466876, 0.27737, 57.7081
79.2701, 122.232, 90.1799, 0, -0.0807123, 0.00479189, 0.277583, 57.725
79.3028, 122.28, 90.1711, 0, -0.0819554, 0.00497407, 0.277898, 57.75
79.3354, 122.329, 90.1623, 0, -0.0831985, 0.00515625, 0.278213, 57.775
79.3355, 122.329, 90.1623, 0, -0.083199, 0.00515631, 0.278213, 57.775
79.3874, 122.391, 90.1698, 0, -0.0844764, 0.00522672, 0.278805, 57.8
79.4395, 122.454, 90.1773, 0, -0.0857542, 0.00529716, 0.279398, 57.825
79.4737, 122.495, 90.1823, 0, -0.0865932, 0.0053434, 0.279787, 57.8414
79.4854, 122.525, 90.1932, 0, -0.0870121, 0.00539139, 0.279885, 57.85
79.5197, 122.614, 90.2249, 0, -0.0882319, 0.00553112, 0.280171, 57.875
79.554, 122.703, 90.2567, 0, -0.0894516, 0.00567085, 0.280457, 57.9
79.5655, 122.733, 90.2674, 0, -0.0898604, 0.00571768, 0.280553, 57.9084
79.5763, 122.813, 90.2847, 0, -0.090753, 0.00573222, 0.280911, 57.925
79.5925, 122.932, 90.3109, 0, -0.0920956, 0.0057541, 0.281449, 57.95
79.6088, 123.052, 90.3372, 0, -0.0934378, 0.00577597, 0.281987, 57.975
79.6087, 123.052, 90.3372, 0, -0.0934382, 0.00577597, 0.281988, 57.975
79.5817, 123.114, 90.3055, 0, -0.0947598, 0.00578913, 0.282475, 58
79.5546, 123.176, 90.2738, 0, -0.0960815, 0.00580229, 0.282962, 58.025
79.5368, 123.217, 90.253, 0, -0.0969492, 0.00581093, 0.283282, 58.0414
79.5156, 123.23, 90.2368, 0, -0.097358, 0.0058134, 0.283448, 58.05
79.4539, 123.268, 90.1895, 0, -0.0985481, 0.00582059, 0.283932, 58.075
79.3921, 123.306, 90.1423, 0, -0.0997382, 0.00582778, 0.284415, 58.1
79.3717, 123.319, 90.1267, 0, -0.10013, 0.00583015, 0.284575, 58.1082
79.3529, 123.341, 90.118, 0, -0.100822, 0.00584563, 0.284904, 58.125
79.3247, 123.374, 90.1049, 0, -0.101853, 0.00586872, 0.285394, 58.15
79.2966, 123.406, 90.0919, 0, -0.102883, 0.00589178, 0.285883, 58.175
79.2966, 123.406, 90.0919, 0, -0.102885, 0.00589177, 0.285884, 58.175
79.2681, 123.447, 90.0637, 0, -0.10373, 0.00587812, 0.286187, 58.2
79.2396, 123.487, 90.0355, 0, -0.104576, 0.00586447, 0.28649, 58.225
79.2208, 123.514, 90.017, 0, -0.105131, 0.00585551, 0.286689, 58.2414
79.226, 123.553, 90.0308, 0, -0.105352, 0.00585262, 0.286753, 58.25
79.2413, 123.669, 90.0711, 0, -0.105995, 0.00584419, 0.286939, 58.275
79.2567, 123.784, 90.1115, 0, -0.106639, 0.00583575, 0.287125, 58.3
79.2618, 123.822, 90.1249, 0, -0.106852, 0.00583296, 0.287186, 58.3083
79.2674, 123.838, 90.1332, 0, -0.107207, 0.005828, 0.287316, 58.325
79.2757, 123.862, 90.1456, 0, -0.107738, 0.00582058, 0.28751, 58.35
79.284, 123.885, 90.1579, 0, -0.108264, 0.00581325, 0.287702, 58.3747
79.2837, 123.885, 90.1575, 0, -0.108268, 0.00581342, 0.287702, 58.375
79.2503, 123.873, 90.1205, 0, -0.108634, 0.00582972, 0.287714, 58.4
79.217, 123.861, 90.0835, 0, -0.109, 0.00584601, 0.287727, 58.425
79.1952, 123.853, 90.0592, 0, -0.109241, 0.00585671, 0.287734, 58.4414
79.2098, 123.85, 90.0794, 0, -0.109302, 0.00586387, 0.287734, 58.45
79.2526, 123.841, 90.138, 0, -0.109479, 0.00588472, 0.287732, 58.475
79.2953, 123.831, 90.1967, 0, -0.109656, 0.00590556, 0.287731, 58.5
79.309, 123.828, 90.2155, 0, -0.109713, 0.00591226, 0.28773, 58.508
79.3145, 123.82, 90.2611, 0, -0.109773, 0.00592018, 0.287758, 58.525
79.3227, 123.807, 90.3284, 0, -0.109862, 0.00593184, 0.287799, 58.55
79.3308, 123.795, 90.3952, 0, -0.10995, 0.00594343, 0.28784, 58.5748
79.3305, 123.795, 90.3953, 0, -0.109951, 0.00594286, 0.28784, 58.575
79.2972, 123.739, 90.4136, 0, -0.11002, 0.00586061, 0.287814, 58.6
79.2639, 123.684, 90.4319, 0, -0.110089, 0.00577836, 0.287788, 58.625
79.2419, 123.647, 90.4439, 0, -0.110135, 0.00572418, 0.287771, 58.6415
79.1992, 123.642, 90.4192, 0, -0.110178, 0.00563121, 0.287823, 58.65
79.074, 123.629, 90.3468, 0, -0.110306, 0.00535882, 0.287974, 58.675
78.9488, 123.615, 90.2743, 0, -0.110433, 0.00508642, 0.288126, 58.7
78.9083, 123.61, 90.2509, 0, -0.110474, 0.00499812, 0.288176, 58.7081
78.8231, 123.583, 90.2144, 0, -0.110529, 0.00479268, 0.28822, 58.725
78.6971, 123.542, 90.1606, 0, -0.110611, 0.0044887, 0.288286, 58.75
78.5712, 123.501, 90.107, 0, -0.110693, 0.00418472, 0.288351, 58.775
78.5687, 123.5, 90.1059, 0, -0.110695, 0.00417863, 0.288352, 58.7755
78.3162, 123.498, 89.9685, 0, -0.110766, 0.00378474, 0.288689, 58.8
78.0586, 123.495, 89.8283, 0, -0.110838, 0.0033828, 0.289032, 58.825
77.89, 123.493, 89.7366, 0, -0.110885, 0.00311978, 0.289257, 58.8414
77.7948, 123.499, 89.684, 0, -0.110903, 0.00293384, 0.289358, 58.85
77.5192, 123.517, 89.5316, 0, -0.110955, 0.00239588, 0.289649, 58.875
77.2435, 123.534, 89.3791, 0, -0.111006, 0.00185792, 0.289941, 58.9
77.1483, 123.54, 89.3264, 0, -0.111024, 0.0016722, 0.290041, 58.9086
76.8966, 123.506, 89.1439, 0, -0.110984, 0.00113532, 0.290098, 58.925
76.5127, 123.453, 88.8655, 0, -0.110923, 0.000315355, 0.290184, 58.95
76.1348, 123.4, 88.5918, 0, -0.110864, -0.000492704, 0.290269, 58.9746
76.1284, 123.399, 88.5875, 0, -0.110861, -0.00050988, 0.290268, 58.975
75.6832, 123.35, 88.2931, 0, -0.110685, -0.0016928, 0.290177, 59
75.2385, 123.3, 87.9994, 0, -0.110508, -0.00287572, 0.290087, 59.025
74.9441, 123.265, 87.8051, 0, -0.110391, -0.00365971, 0.290027, 59.0416
74.7706, 123.259, 87.6854, 0, -0.110349, -0.00410269, 0.2899, 59.05
74.2564, 123.24, 87.3306, 0, -0.110225, -0.00541624, 0.289525, 59.075
73.7424, 123.218, 86.9761, 0, -0.1101, -0.0067298, 0.28915, 59.1
73.5724, 123.21, 86.8589, 0, -0.110059, -0.00716442, 0.289026, 59.1083
73.1873, 123.336, 86.5571, 0, -0.110111, -0.00815379, 0.288925, 59.125
72.6093, 123.522, 86.1034, 0, -0.110189, -0.0096324, 0.288775, 59.15
72.0323, 123.703, 85.6497, 0, -0.110267, -0.0111008, 0.288625, 59.1748
72.0285, 123.704, 85.6457, 0, -0.110267, -0.011112, 0.288621, 59.175
71.4701, 123.822, 85.0688, 0, -0.110191, -0.0127407, 0.287944, 59.2
70.9095, 123.936, 84.4898, 0, -0.110116, -0.0143693, 0.287268, 59.225
70.5387, 124.009, 84.1068, 0, -0.110066, -0.0154434, 0.286822, 59.2415
70.3563, 124.123, 83.8764, 0, -0.110045, -0.016056, 0.286662, 59.25
69.8163, 124.457, 83.1954, 0, -0.109985, -0.0178552, 0.286193, 59.275
69.2692, 124.785, 82.5079, 0, -0.109924, -0.0196544, 0.285724, 59.3
69.0913, 124.89, 82.2848, 0, -0.109904, -0.0202346, 0.285573, 59.3081
68.8359, 125.173, 81.8926, 0, -0.109751, -0.0213731, 0.285043, 59.325
68.4529, 125.589, 81.3083, 0, -0.109525, -0.0230534, 0.28426, 59.35
68.0659, 125.997, 80.7224, 0, -0.1093, -0.0247201, 0.283484, 59.3748
68.0637, 126.002, 80.7178, 0, -0.109298, -0.0247329, 0.283476, 59.375
67.7884, 126.571, 80.1506, 0, -0.108973, -0.0262985, 0.282564, 59.4
67.504, 127.138, 79.5758, 0, -0.108649, -0.027864, 0.281652, 59.425
67.3083, 127.517, 79.1864, 0, -0.108432, -0.0289127, 0.281041, 59.4417
67.1762, 127.654, 78.9378, 0, -0.108372, -0.0293581, 0.280686, 59.45
66.77, 128.066, 78.1798, 0, -0.108193, -0.0307071, 0.279611, 59.475
66.3546, 128.473, 77.4137, 0, -0.108013, -0.0320561, 0.278536, 59.5
66.2132, 128.609, 77.1549, 0, -0.107953, -0.0325086, 0.278176, 59.5084
65.9677, 128.78, 76.652, 0, -0.107887, -0.033107, 0.277624, 59.525
65.5935, 129.035, 75.8913, 0, -0.107788, -0.0340075, 0.276793, 59.55
65.2171, 129.283, 75.1327, 0, -0.107691, -0.0348997, 0.27597, 59.5748
65.2172, 129.285, 75.1305, 0, -0.107689, -0.034903, 0.275965, 59.575
65.2188, 129.465, 74.8912, 0, -0.107555, -0.0352702, 0.275344, 59.6
65.2194, 129.645, 74.6513, 0, -0.107421, -0.0356374, 0.274724, 59.625
65.2193, 129.763, 74.4942, 0, -0.107334, -0.0358774, 0.274318, 59.6413
65.2659, 129.818, 74.4831, 0, -0.107125, -0.0359325, 0.27407, 59.65
65.4006, 129.977, 74.4514, 0, -0.106521, -0.0360915, 0.273353, 59.675
65.5354, 130.137, 74.42, 0, -0.105917, -0.0362506, 0.272636, 59.7
65.5805, 130.19, 74.4097, 0, -0.105716, -0.0363036, 0.272397, 59.7083
65.3162, 130.342, 74.0685, 0, -0.105293, -0.0367132, 0.271995, 59.725
64.9162, 130.569, 73.5533, 0, -0.104659, -0.0373278, 0.27139, 59.75
64.5122, 130.794, 73.0343, 0, -0.104025, -0.0379424, 0.270786, 59.775
64.5096, 130.795, 73.031, 0, -0.104021, -0.0379463, 0.270783, 59.7752
63.679, 130.902, 72.1844, 0, -0.103571, -0.0390256, 0.270824, 59.8
62.8397, 131.001, 71.3291, 0, -0.103118, -0.0401118, 0.270866, 59.825
62.2848, 131.061, 70.7637, 0, -0.102819, -0.0408278, 0.270893, 59.8415
61.9986, 130.987, 70.4882, 0, -0.102651, -0.0412366, 0.270924, 59.85
61.1638, 130.765, 69.6849, 0, -0.102158, -0.0424358, 0.271015, 59.875
60.336, 130.535, 68.8886, 0, -0.101665, -0.043635, 0.271107, 59.9
60.0682, 130.458, 68.6311, 0, -0.101505, -0.0440252, 0.271136, 59.9081
59.6104, 130.281, 68.1819, 0, -0.101218, -0.0448501, 0.27127, 59.925
58.9376, 130.012, 67.5218, 0, -0.100794, -0.0460729, 0.271469, 59.95
58.2792, 129.742, 66.876, 0, -0.100374, -0.0472814, 0.271665, 59.9747
58.2715, 129.739, 66.8678, 0, -0.100369, -0.0472961, 0.271661, 59.975
57.6152, 129.527, 66.1624, 0, -0.099905, -0.0485503, 0.271343, 60
56.9644, 129.309, 65.4624, 0, -0.0994415, -0.0498044, 0.271026, 60.025
56.5404, 129.162, 65.006, 0, -0.0991373, -0.0506274, 0.270817, 60.0414